,band,species,"Beak length, mm","Beak depth, mm",year
0,2,fortis,9.4,8.0,1975
1,9,fortis,9.2,8.3,1975
2,12,fortis,9.5,7.5,1975
3,15,fortis,9.5,8.0,1975
4,305,fortis,11.5,9.9,1975
5,307,fortis,11.1,8.6,1975
6,308,fortis,9.9,8.4,1975
7,309,fortis,11.5,9.8,1975
8,311,fortis,10.8,9.2,1975
9,312,fortis,11.3,9.0,1975
10,313,fortis,11.5,9.5,1975
11,314,fortis,11.5,8.9,1975
12,315,fortis,9.7,8.8,1975
13,316,fortis,10.9,9.7,1975
14,316,fortis,10.9,9.85,1975
15,320,fortis,10.1,8.9,1975
16,321,fortis,10.6,8.5,1975
17,323,fortis,9.6,8.2,1975
18,324,fortis,10.3,9.3,1975
19,326,fortis,10.5,9.1,1975
20,328,fortis,10.5,8.8,1975
21,329,fortis,10.9,9.4,1975
22,330,fortis,11.2,9.6,1975
23,340,fortis,9.4,8.5,1975
24,341,fortis,10.1,8.1,1975
25,342,fortis,9.6,8.0,1975
26,343,fortis,10.5,9.7,1975
27,344,fortis,9.9,8.2,1975
28,345,fortis,9.9,8.4,1975
29,346,fortis,9.6,7.9,1975
30,347,fortis,10.7,9.3,1975
31,348,fortis,11.8,10.5,1975
32,349,fortis,10.2,9.7,1975
33,350,fortis,10.9,9.6,1975
34,352,fortis,9.3,7.7,1975
35,354,fortis,11.6,9.8,1975
36,355,fortis,11.2,9.8,1975
37,356,fortis,10.1,8.5,1975
38,360,fortis,10.7,9.2,1975
39,366,fortis,11.0,10.1,1975
40,368,fortis,10.8,9.0,1975
41,369,fortis,10.2,9.0,1975
42,401,fortis,10.8,9.4,1975
43,402,fortis,10.4,8.8,1975
44,403,fortis,11.2,9.9,1975
45,405,fortis,11.4,9.9,1975
46,410,fortis,10.9,8.9,1975
47,411,fortis,10.4,9.4,1975
48,413,fortis,9.7,8.2,1975
49,414,fortis,10.2,8.2,1975
50,415,fortis,9.2,8.1,1975
51,416,fortis,10.1,8.4,1975
52,417,fortis,11.0,10.1,1975
53,418,fortis,10.3,8.6,1975
54,419,fortis,10.2,8.5,1975
55,420,fortis,11.0,9.7,1975
56,422,fortis,11.0,10.3,1975
57,423,fortis,10.1,8.6,1975
58,424,fortis,10.7,9.3,1975
59,425,fortis,10.7,8.9,1975
60,426,fortis,11.0,9.7,1975
61,427,fortis,12.0,10.2,1975
62,428,fortis,11.6,10.2,1975
63,450,fortis,9.9,8.5,1975
64,451,fortis,10.8,8.8,1975
65,452,fortis,10.5,8.9,1975
66,453,fortis,10.0,8.7,1975
67,454,fortis,9.6,9.3,1975
68,455,fortis,11.0,9.7,1975
69,456,fortis,10.2,9.6,1975
70,457,fortis,9.7,7.85,1975
71,458,fortis,11.1,9.6,1975
72,459,fortis,10.4,9.3,1975
73,461,fortis,11.1,9.8,1975
74,462,fortis,10.2,8.8,1975
75,463,fortis,10.3,9.1,1975
76,465,fortis,9.9,9.0,1975
77,466,fortis,11.0,10.4,1975
78,468,fortis,10.8,9.0,1975
79,473,fortis,10.5,9.5,1975
80,474,fortis,10.5,8.7,1975
81,475,fortis,11.2,9.6,1975
82,476,fortis,11.2,9.4,1975
83,477,fortis,11.7,9.5,1975
84,479,fortis,10.5,8.6,1975
85,501,fortis,10.5,9.9,1975
86,502,fortis,11.2,9.4,1975
87,503,fortis,10.0,9.1,1975
88,504,fortis,10.4,8.6,1975
89,505,fortis,10.8,9.3,1975
90,506,fortis,11.1,9.2,1975
91,507,fortis,10.3,8.8,1975
92,509,fortis,11.1,9.2,1975
93,510,fortis,9.8,8.3,1975
94,511,fortis,10.5,8.8,1975
95,512,fortis,11.0,9.4,1975
96,513,fortis,11.2,10.4,1975
97,514,fortis,9.8,8.5,1975
98,515,fortis,9.8,7.9,1975
99,516,fortis,9.8,7.9,1975
100,517,fortis,10.3,10.1,1975
101,518,fortis,11.3,9.8,1975
102,519,fortis,10.0,8.3,1975
103,520,fortis,11.1,9.4,1975
104,521,fortis,10.0,9.0,1975
105,522,fortis,10.3,8.4,1975
106,524,fortis,10.2,8.7,1975
107,526,fortis,10.4,9.2,1975
108,527,fortis,11.0,9.5,1975
109,528,fortis,11.5,10.1,1975
110,529,fortis,11.8,9.8,1975
111,560,fortis,10.2,8.5,1975
112,561,fortis,11.7,10.2,1975
113,563,fortis,10.1,8.6,1975
114,564,fortis,10.2,9.3,1975
115,565,fortis,9.8,8.7,1975
116,566,fortis,10.6,8.9,1975
117,567,fortis,10.0,8.4,1975
118,572,fortis,12.1,10.3,1975
119,574,fortis,11.1,9.9,1975
120,576,fortis,10.5,8.9,1975
121,578,fortis,10.0,9.1,1975
122,579,fortis,10.2,8.6,1975
123,601,fortis,9.7,7.8,1975
124,602,fortis,10.0,8.6,1975
125,603,fortis,10.7,9.5,1975
126,604,fortis,11.0,9.5,1975
127,605,fortis,10.9,10.2,1975
128,606,fortis,10.5,9.1,1975
129,607,fortis,10.9,9.7,1975
130,608,fortis,10.7,9.4,1975
131,609,fortis,11.9,10.5,1975
132,610,fortis,10.2,9.0,1975
133,611,fortis,10.5,9.8,1975
134,615,fortis,11.2,10.0,1975
135,616,fortis,10.7,9.6,1975
136,617,fortis,10.3,9.6,1975
137,618,fortis,11.6,9.9,1975
138,619,fortis,10.5,9.3,1975
139,620,fortis,10.9,9.6,1975
140,621,fortis,9.8,7.6,1975
141,622,fortis,10.9,9.2,1975
142,623,fortis,10.3,8.8,1975
143,624,fortis,11.7,10.1,1975
144,625,fortis,11.0,8.9,1975
145,626,fortis,9.8,9.5,1975
146,627,fortis,10.4,8.2,1975
147,628,fortis,10.8,9.7,1975
148,629,fortis,11.0,9.8,1975
149,670,fortis,10.6,9.3,1975
150,671,fortis,11.3,9.8,1975
151,672,fortis,10.1,8.8,1975
152,673,fortis,11.4,10.1,1975
153,674,fortis,11.8,10.5,1975
154,675,fortis,9.9,8.6,1975
155,676,fortis,11.0,9.7,1975
156,677,fortis,10.8,10.0,1975
157,678,fortis,11.3,9.7,1975
158,679,fortis,11.1,10.5,1975
159,680,fortis,11.0,10.4,1975
160,681,fortis,10.4,9.2,1975
161,682,fortis,9.1,8.1,1975
162,683,fortis,10.8,9.4,1975
163,684,fortis,10.6,8.9,1975
164,685,fortis,8.7,8.2,1975
165,686,fortis,10.7,9.3,1975
166,687,fortis,10.3,8.6,1975
167,688,fortis,10.5,9.0,1975
168,689,fortis,9.1,7.6,1975
169,701,fortis,9.5,8.7,1975
170,702,fortis,10.8,9.8,1975
171,703,fortis,10.6,9.4,1975
172,704,fortis,9.9,9.9,1975
173,705,fortis,11.5,10.1,1975
174,706,fortis,11.2,9.8,1975
175,707,fortis,9.7,7.9,1975
176,708,fortis,12.2,10.8,1975
177,709,fortis,9.2,7.9,1975
178,710,fortis,10.5,10.0,1975
179,711,fortis,10.5,8.4,1975
180,712,fortis,10.8,9.5,1975
181,713,fortis,10.7,8.8,1975
182,714,fortis,11.8,10.4,1975
183,715,fortis,9.1,8.1,1975
184,716,fortis,10.1,9.8,1975
185,717,fortis,10.0,8.2,1975
186,719,fortis,11.0,9.5,1975
187,720,fortis,12.2,10.5,1975
188,721,fortis,11.4,9.7,1975
189,723,fortis,10.9,9.6,1975
190,725,fortis,10.6,9.6,1975
191,726,fortis,9.3,7.9,1975
192,780,fortis,10.9,10.1,1975
193,781,fortis,10.6,9.3,1975
194,785,fortis,11.0,10.3,1975
195,786,fortis,9.0,7.9,1975
196,787,fortis,11.0,9.1,1975
197,788,fortis,10.4,8.9,1975
198,789,fortis,10.4,8.3,1975
199,790,fortis,9.6,9.4,1975
200,801,fortis,10.6,9.5,1975
201,802,fortis,10.1,8.5,1975
202,803,fortis,9.7,8.6,1975
203,804,fortis,9.6,8.5,1975
204,805,fortis,10.1,8.2,1975
205,807,fortis,9.9,7.9,1975
206,808,fortis,11.0,10.0,1975
207,809,fortis,10.9,9.4,1975
208,810,fortis,9.7,8.0,1975
209,811,fortis,10.0,8.6,1975
210,812,fortis,10.4,9.0,1975
211,813,fortis,11.6,9.9,1975
212,814,fortis,9.6,8.0,1975
213,815,fortis,10.8,9.6,1975
214,817,fortis,10.9,9.2,1975
215,818,fortis,10.2,9.0,1975
216,818,fortis,10.2,9.0,1975
217,819,fortis,10.4,9.2,1975
218,820,fortis,11.0,9.5,1975
219,821,fortis,10.7,9.2,1975
220,822,fortis,11.1,9.7,1975
221,823,fortis,10.8,9.1,1975
222,824,fortis,10.9,9.4,1975
223,825,fortis,9.9,8.6,1975
224,826,fortis,11.8,9.8,1975
225,827,fortis,9.7,8.0,1975
226,828,fortis,11.9,10.4,1975
227,829,fortis,9.6,8.1,1975
228,830,fortis,10.9,9.9,1975
229,831,fortis,10.2,8.6,1975
230,891,fortis,9.9,8.0,1975
231,892,fortis,11.3,9.0,1975
232,893,fortis,10.9,9.7,1975
233,894,fortis,9.8,8.1,1975
234,895,fortis,10.3,8.8,1975
235,896,fortis,8.8,7.5,1975
236,897,fortis,11.6,10.2,1975
237,898,fortis,9.9,8.2,1975
238,899,fortis,9.9,8.6,1975
239,900,fortis,9.9,8.7,1975
240,902,fortis,10.4,8.6,1975
241,903,fortis,11.2,9.9,1975
242,904,fortis,10.8,9.5,1975
243,905,fortis,9.9,8.4,1975
244,906,fortis,9.9,8.7,1975
245,907,fortis,10.2,8.2,1975
246,908,fortis,10.4,9.2,1975
247,909,fortis,9.4,8.2,1975
248,910,fortis,10.2,9.2,1975
249,911,fortis,11.0,9.3,1975
250,912,fortis,10.6,8.9,1975
251,913,fortis,10.5,9.0,1975
252,914,fortis,10.4,9.1,1975
253,915,fortis,10.2,8.8,1975
254,917,fortis,10.2,8.8,1975
255,919,fortis,11.0,9.6,1975
256,921,fortis,11.1,10.2,1975
257,922,fortis,9.7,8.2,1975
258,923,fortis,10.5,8.9,1975
259,924,fortis,10.9,9.0,1975
260,925,fortis,10.7,8.8,1975
261,926,fortis,11.0,9.9,1975
262,927,fortis,10.9,9.3,1975
263,928,fortis,11.2,9.9,1975
264,929,fortis,11.5,9.5,1975
265,930,fortis,10.8,10.0,1975
266,931,fortis,10.2,8.9,1975
267,932,fortis,11.0,9.8,1975
268,933,fortis,10.9,9.9,1975
269,934,fortis,10.5,8.7,1975
270,936,fortis,10.8,9.2,1975
271,941,fortis,9.8,8.2,1975
272,942,fortis,9.7,7.9,1975
273,943,fortis,10.3,9.1,1975
274,944,fortis,10.3,8.3,1975
275,944,fortis,10.3,8.3,1975
276,945,fortis,11.6,10.8,1975
277,945,fortis,11.6,10.8,1975
278,951,fortis,10.9,9.9,1975
279,952,fortis,10.6,9.0,1975
280,954,fortis,11.5,9.3,1975
281,991,fortis,10.8,9.6,1975
282,1040,fortis,10.83,9.3,1975
283,1368,fortis,11.73,10.2,1975
284,1420,fortis,10.23,8.6,1975
285,1433,fortis,11.83,10.98,1975
286,1560,fortis,11.43,10.28,1975
287,1581,fortis,10.73,9.6,1975
288,1770,fortis,10.33,9.28,1975
289,1857,fortis,10.23,9.5,1975
290,1860,fortis,11.53,9.4,1975
291,1884,fortis,11.03,9.15,1975
292,2102,fortis,11.73,9.8,1975
293,2105,fortis,10.53,9.35,1975
294,2220,fortis,9.93,8.5,1975
295,2381,fortis,11.23,10.5,1975
296,2482,fortis,9.83,8.5,1975
297,2939,fortis,9.63,8.31,1975
298,2955,fortis,10.6,9.9,1975
299,2974,fortis,11.88,10.36,1975
300,3642,fortis,11.03,10.28,1975
301,8016,fortis,10.73,8.9,1975
302,8020,fortis,10.13,8.7,1975
303,20139,fortis,10.15,9.15,1975
304,20165,fortis,10.85,10.35,1975
305,20166,fortis,10.95,8.85,1975
306,20168,fortis,9.85,8.55,1975
307,20204,fortis,10.25,8.95,1975
308,20238,fortis,11.75,10.75,1975
309,20267,fortis,10.95,10.05,1975
310,20273,fortis,10.95,10.15,1975
311,20283,fortis,10.55,8.45,1975
312,20285,fortis,9.65,8.85,1975
313,20286,fortis,11.45,10.25,1975
314,20293,fortis,10.25,9.75,1975
315,20298,fortis,10.05,8.95,1975
316,302,scandens,13.9,8.4,1975
317,304,scandens,14.0,8.8,1975
318,306,scandens,12.9,8.4,1975
319,310,scandens,13.5,8.0,1975
320,317,scandens,12.9,7.9,1975
321,318,scandens,14.6,8.9,1975
322,319,scandens,13.0,8.6,1975
323,322,scandens,14.2,8.5,1975
324,325,scandens,14.0,8.9,1975
325,327,scandens,14.2,9.1,1975
326,351,scandens,13.1,8.6,1975
327,353,scandens,15.1,9.8,1975
328,357,scandens,13.5,8.2,1975
329,358,scandens,14.4,9.0,1975
330,359,scandens,14.9,9.7,1975
331,361,scandens,12.9,8.6,1975
332,362,scandens,13.0,8.2,1975
333,363,scandens,14.9,9.0,1975
334,364,scandens,14.0,8.4,1975
335,365,scandens,13.8,8.6,1975
336,367,scandens,13.0,8.9,1975
337,404,scandens,14.75,9.1,1975
338,406,scandens,13.7,8.3,1975
339,407,scandens,13.8,8.7,1975
340,408,scandens,14.0,9.6,1975
341,409,scandens,14.6,8.5,1975
342,412,scandens,15.2,9.1,1975
343,421,scandens,13.5,9.0,1975
344,429,scandens,15.1,9.2,1975
345,460,scandens,15.0,9.9,1975
346,464,scandens,12.8,8.6,1975
347,467,scandens,14.9,9.2,1975
348,469,scandens,15.3,8.4,1975
349,470,scandens,13.4,8.9,1975
350,471,scandens,14.2,8.5,1975
351,472,scandens,15.1,10.4,1975
352,478,scandens,15.1,9.6,1975
353,508,scandens,14.0,9.1,1975
354,523,scandens,13.6,9.3,1975
355,525,scandens,14.0,9.3,1975
356,562,scandens,14.0,8.8,1975
357,568,scandens,13.9,8.3,1975
358,569,scandens,14.0,8.8,1975
359,570,scandens,14.9,9.1,1975
360,571,scandens,15.6,10.1,1975
361,573,scandens,13.8,8.9,1975
362,575,scandens,14.4,9.2,1975
363,577,scandens,12.8,8.5,1975
364,612,scandens,14.2,10.2,1975
365,613,scandens,13.4,10.1,1975
366,614,scandens,14.0,9.2,1975
367,718,scandens,14.8,9.7,1975
368,722,scandens,14.2,9.1,1975
369,724,scandens,13.5,8.5,1975
370,727,scandens,13.4,8.2,1975
371,728,scandens,14.6,9.0,1975
372,729,scandens,13.5,9.3,1975
373,782,scandens,13.7,8.0,1975
374,783,scandens,13.9,9.1,1975
375,784,scandens,13.1,8.1,1975
376,806,scandens,13.4,8.3,1975
377,816,scandens,13.8,8.7,1975
378,890,scandens,13.6,8.8,1975
379,901,scandens,14.0,8.6,1975
380,916,scandens,13.5,8.7,1975
381,918,scandens,12.8,8.0,1975
382,920,scandens,14.0,8.8,1975
383,935,scandens,13.4,9.0,1975
384,953,scandens,14.9,9.1,1975
385,1014,scandens,15.54,9.74,1975
386,1642,scandens,14.63,9.1,1975
387,1748,scandens,14.73,9.8,1975
388,1841,scandens,15.73,10.4,1975
389,1842,scandens,14.83,8.3,1975
390,2084,scandens,15.94,9.44,1975
391,2397,scandens,15.14,9.04,1975
392,8110,scandens,14.23,9.0,1975
393,20122,scandens,14.15,9.05,1975
394,20151,scandens,14.35,9.65,1975
395,20188,scandens,14.95,9.45,1975
396,20210,scandens,13.95,8.65,1975
397,20223,scandens,14.05,9.45,1975
398,20225,scandens,14.55,9.45,1975
399,20252,scandens,14.05,9.05,1975
400,20255,scandens,14.45,8.75,1975
401,20266,scandens,15.05,9.45,1975
402,20279,scandens,13.25,8.35,1975
403,14613,fortis,9.1,7.0,1987
404,15487,fortis,9.14,7.12,1987
405,15187,fortis,9.24,7.21,1987
406,15284,fortis,9.2,7.3,1987
407,14983,fortis,8.83,7.32,1987
408,14913,fortis,9.14,7.41,1987
409,15726,fortis,9.04,7.42,1987
410,15821,fortis,10.56,7.43,1987
411,15484,fortis,9.7,7.45,1987
412,4968,fortis,9.25,7.5,1987
413,15695,fortis,9.5,7.5,1987
414,15272,fortis,9.34,7.51,1987
415,15256,fortis,9.64,7.51,1987
416,13907,fortis,9.04,7.64,1987
417,5578,fortis,9.8,7.65,1987
418,10376,fortis,9.28,7.68,1987
419,13377,fortis,9.5,7.7,1987
420,15225,fortis,10.8,7.8,1987
421,15914,fortis,9.24,7.81,1987
422,14760,fortis,10.24,7.81,1987
423,15779,fortis,9.74,7.86,1987
424,13901,fortis,9.2,7.9,1987
425,15277,fortis,9.95,7.9,1987
426,15285,fortis,9.34,7.92,1987
427,13194,fortis,9.35,7.92,1987
428,14967,fortis,10.1,7.92,1987
429,14800,fortis,9.96,7.93,1987
430,14612,fortis,9.27,7.95,1987
431,15154,fortis,9.4,7.95,1987
432,14123,fortis,9.68,7.96,1987
433,15368,fortis,10.19,7.97,1987
434,15873,fortis,10.0,8.0,1987
435,16027,fortis,10.25,8.0,1987
436,15353,fortis,11.3,8.0,1987
437,14265,fortis,9.83,8.02,1987
438,15014,fortis,11.04,8.02,1987
439,14969,fortis,10.16,8.03,1987
440,5627,fortis,10.74,8.03,1987
441,15973,fortis,10.19,8.06,1987
442,13468,fortis,9.46,8.09,1987
443,15214,fortis,9.5,8.1,1987
444,14978,fortis,9.7,8.1,1987
445,15909,fortis,10.0,8.1,1987
446,13996,fortis,10.05,8.1,1987
447,13543,fortis,10.3,8.1,1987
448,14634,fortis,10.5,8.1,1987
449,15804,fortis,9.94,8.11,1987
450,15493,fortis,10.04,8.11,1987
451,15363,fortis,10.24,8.11,1987
452,15286,fortis,9.2,8.2,1987
453,15019,fortis,9.3,8.2,1987
454,16112,fortis,10.04,8.21,1987
455,15270,fortis,10.34,8.21,1987
456,15874,fortis,10.34,8.21,1987
457,16007,fortis,10.04,8.22,1987
458,14860,fortis,9.86,8.23,1987
459,10313,fortis,9.73,8.24,1987
460,15490,fortis,9.45,8.25,1987
461,15106,fortis,10.0,8.25,1987
462,13539,fortis,9.78,8.27,1987
463,14912,fortis,9.64,8.28,1987
464,13244,fortis,9.8,8.3,1987
465,14822,fortis,10.0,8.3,1987
466,14909,fortis,10.0,8.3,1987
467,15944,fortis,10.8,8.3,1987
468,16170,fortis,9.64,8.31,1987
469,15477,fortis,10.14,8.31,1987
470,15111,fortis,10.24,8.31,1987
471,14686,fortis,10.74,8.31,1987
472,15915,fortis,10.74,8.31,1987
473,15759,fortis,11.14,8.31,1987
474,15850,fortis,11.24,8.31,1987
475,15977,fortis,9.84,8.32,1987
476,14632,fortis,9.86,8.33,1987
477,14982,fortis,9.96,8.33,1987
478,13306,fortis,10.57,8.34,1987
479,13351,fortis,10.0,8.35,1987
480,15288,fortis,10.95,8.35,1987
481,15079,fortis,9.89,8.36,1987
482,15402,fortis,9.99,8.36,1987
483,15248,fortis,9.1,8.4,1987
484,13881,fortis,9.8,8.4,1987
485,15879,fortis,9.85,8.4,1987
486,4830,fortis,10.0,8.4,1987
487,15679,fortis,10.0,8.4,1987
488,15806,fortis,10.0,8.4,1987
489,5887,fortis,10.18,8.4,1987
490,15845,fortis,10.4,8.4,1987
491,14890,fortis,10.9,8.4,1987
492,15875,fortis,10.04,8.41,1987
493,15381,fortis,10.14,8.41,1987
494,15382,fortis,10.24,8.41,1987
495,15453,fortis,10.54,8.41,1987
496,5555,fortis,9.04,8.42,1987
497,15127,fortis,9.24,8.42,1987
498,14628,fortis,10.06,8.43,1987
499,15379,fortis,10.26,8.43,1987
500,14939,fortis,10.2,8.45,1987
501,10100,fortis,10.93,8.45,1987
502,16172,fortis,10.64,8.47,1987
503,15188,fortis,10.74,8.47,1987
504,14611,fortis,9.4,8.5,1987
505,14025,fortis,9.55,8.5,1987
506,14970,fortis,9.8,8.5,1987
507,15970,fortis,9.83,8.5,1987
508,10760,fortis,10.0,8.5,1987
509,15706,fortis,10.0,8.5,1987
510,14762,fortis,10.3,8.5,1987
511,15829,fortis,10.6,8.5,1987
512,14743,fortis,11.5,8.5,1987
513,15933,fortis,10.24,8.51,1987
514,14836,fortis,10.5,8.51,1987
515,15940,fortis,10.84,8.51,1987
516,15995,fortis,9.94,8.52,1987
517,14704,fortis,10.36,8.53,1987
518,5685,fortis,9.8,8.55,1987
519,14833,fortis,10.09,8.56,1987
520,1536,fortis,9.8,8.6,1987
521,15163,fortis,9.9,8.6,1987
522,5556,fortis,10.0,8.6,1987
523,14902,fortis,10.0,8.6,1987
524,15342,fortis,10.0,8.6,1987
525,14894,fortis,10.1,8.6,1987
526,15761,fortis,11.3,8.6,1987
527,5628,fortis,12.0,8.6,1987
528,15497,fortis,10.14,8.61,1987
529,14932,fortis,10.34,8.61,1987
530,15374,fortis,10.34,8.61,1987
531,15175,fortis,10.54,8.61,1987
532,15724,fortis,10.54,8.61,1987
533,15680,fortis,10.94,8.61,1987
534,14827,fortis,11.04,8.61,1987
535,15296,fortis,11.14,8.61,1987
536,15711,fortis,11.14,8.61,1987
537,10066,fortis,11.24,8.61,1987
538,15322,fortis,12.14,8.61,1987
539,15262,fortis,9.94,8.62,1987
540,14840,fortis,9.95,8.62,1987
541,4229,fortis,10.05,8.62,1987
542,13195,fortis,10.35,8.62,1987
543,14829,fortis,10.86,8.63,1987
544,13994,fortis,10.18,8.64,1987
545,15464,fortis,9.45,8.65,1987
546,15865,fortis,10.19,8.66,1987
547,14831,fortis,10.84,8.66,1987
548,13269,fortis,9.4,8.7,1987
549,15184,fortis,9.5,8.7,1987
550,14096,fortis,9.8,8.7,1987
551,15245,fortis,9.85,8.7,1987
552,15143,fortis,10.0,8.7,1987
553,15712,fortis,10.1,8.7,1987
554,4715,fortis,10.4,8.7,1987
555,14832,fortis,10.45,8.7,1987
556,15757,fortis,10.57,8.7,1987
557,14694,fortis,10.8,8.7,1987
558,15388,fortis,10.9,8.7,1987
559,15224,fortis,11.4,8.7,1987
560,15018,fortis,9.64,8.71,1987
561,15981,fortis,10.04,8.71,1987
562,15228,fortis,10.24,8.71,1987
563,15663,fortis,10.44,8.71,1987
564,15983,fortis,10.54,8.71,1987
565,10198,fortis,10.64,8.71,1987
566,15657,fortis,10.84,8.71,1987
567,15990,fortis,10.94,8.71,1987
568,15123,fortis,11.14,8.71,1987
569,15855,fortis,11.14,8.71,1987
570,15005,fortis,11.29,8.71,1987
571,15617,fortis,11.79,8.71,1987
572,14880,fortis,9.84,8.72,1987
573,14742,fortis,11.15,8.72,1987
574,15080,fortis,9.76,8.73,1987
575,15273,fortis,10.06,8.73,1987
576,4859,fortis,10.87,8.73,1987
577,14767,fortis,11.86,8.73,1987
578,5602,fortis,10.83,8.74,1987
579,15978,fortis,10.39,8.76,1987
580,15246,fortis,10.64,8.76,1987
581,15264,fortis,9.7,8.77,1987
582,14867,fortis,10.09,8.77,1987
583,13687,fortis,10.67,8.77,1987
584,15306,fortis,10.95,8.77,1987
585,10347,fortis,9.96,8.79,1987
586,15420,fortis,9.7,8.8,1987
587,16016,fortis,9.97,8.8,1987
588,14042,fortis,10.1,8.8,1987
589,14797,fortis,10.37,8.8,1987
590,14761,fortis,10.9,8.8,1987
591,14858,fortis,10.9,8.8,1987
592,2749,fortis,11.1,8.8,1987
593,15244,fortis,11.15,8.8,1987
594,5872,fortis,11.8,8.8,1987
595,14680,fortis,10.14,8.81,1987
596,14763,fortis,10.19,8.81,1987
597,14892,fortis,10.24,8.81,1987
598,15176,fortis,10.24,8.81,1987
599,14795,fortis,10.54,8.81,1987
600,15040,fortis,10.54,8.81,1987
601,15733,fortis,10.54,8.81,1987
602,15367,fortis,10.74,8.81,1987
603,14535,fortis,11.24,8.81,1987
604,15268,fortis,11.24,8.81,1987
605,15883,fortis,10.05,8.82,1987
606,15220,fortis,10.24,8.82,1987
607,15430,fortis,10.94,8.82,1987
608,15404,fortis,10.59,8.86,1987
609,14841,fortis,9.9,8.87,1987
610,15313,fortis,10.04,8.87,1987
611,14868,fortis,10.35,8.87,1987
612,13385,fortis,11.2,8.87,1987
613,15301,fortis,11.8,8.88,1987
614,5626,fortis,11.1,8.89,1987
615,14928,fortis,10.0,8.9,1987
616,5965,fortis,10.1,8.9,1987
617,15182,fortis,10.1,8.9,1987
618,16162,fortis,10.13,8.9,1987
619,13582,fortis,10.2,8.9,1987
620,14811,fortis,10.33,8.9,1987
621,5669,fortis,10.4,8.9,1987
622,10703,fortis,10.4,8.9,1987
623,14684,fortis,10.7,8.9,1987
624,14809,fortis,10.7,8.9,1987
625,10548,fortis,10.9,8.9,1987
626,15387,fortis,10.9,8.9,1987
627,5721,fortis,11.1,8.9,1987
628,14808,fortis,11.6,8.9,1987
629,15223,fortis,11.6,8.9,1987
630,15795,fortis,11.8,8.9,1987
631,15274,fortis,10.44,8.91,1987
632,14664,fortis,10.54,8.91,1987
633,15854,fortis,10.64,8.91,1987
634,15941,fortis,10.74,8.91,1987
635,14258,fortis,10.76,8.91,1987
636,15852,fortis,10.79,8.91,1987
637,15132,fortis,10.84,8.91,1987
638,15659,fortis,11.04,8.91,1987
639,15431,fortis,11.29,8.91,1987
640,15378,fortis,11.84,8.91,1987
641,14749,fortis,10.04,8.92,1987
642,14533,fortis,11.1,8.92,1987
643,15348,fortis,11.2,8.92,1987
644,14636,fortis,10.76,8.93,1987
645,14671,fortis,10.76,8.93,1987
646,13575,fortis,11.0,8.93,1987
647,14685,fortis,11.46,8.93,1987
648,2639,fortis,10.3,8.95,1987
649,14478,fortis,10.9,8.95,1987
650,14681,fortis,9.94,8.96,1987
651,15630,fortis,10.24,8.96,1987
652,15229,fortis,10.99,8.96,1987
653,15337,fortis,10.47,8.97,1987
654,15332,fortis,10.7,8.97,1987
655,5330,fortis,12.21,8.97,1987
656,14403,fortis,10.35,8.98,1987
657,15232,fortis,10.52,8.98,1987
658,5554,fortis,10.0,9.0,1987
659,15054,fortis,10.3,9.0,1987
660,15157,fortis,10.6,9.0,1987
661,15488,fortis,10.75,9.0,1987
662,15241,fortis,10.8,9.0,1987
663,14915,fortis,11.0,9.0,1987
664,14788,fortis,12.0,9.0,1987
665,14846,fortis,10.04,9.01,1987
666,15631,fortis,10.24,9.01,1987
667,15715,fortis,10.24,9.01,1987
668,15496,fortis,10.34,9.01,1987
669,15758,fortis,10.34,9.01,1987
670,15791,fortis,10.64,9.01,1987
671,15311,fortis,11.24,9.01,1987
672,15684,fortis,11.54,9.01,1987
673,15785,fortis,11.54,9.01,1987
674,15465,fortis,10.74,9.02,1987
675,14712,fortis,11.04,9.02,1987
676,15230,fortis,10.1,9.03,1987
677,15318,fortis,10.76,9.03,1987
678,14356,fortis,10.04,9.04,1987
679,5389,fortis,10.27,9.04,1987
680,10232,fortis,10.87,9.04,1987
681,4936,fortis,10.0,9.05,1987
682,5587,fortis,10.35,9.05,1987
683,14741,fortis,11.04,9.06,1987
684,13486,fortis,9.98,9.07,1987
685,13579,fortis,10.03,9.07,1987
686,15822,fortis,10.49,9.07,1987
687,15412,fortis,10.5,9.07,1987
688,15153,fortis,10.57,9.07,1987
689,15055,fortis,10.8,9.07,1987
690,14669,fortis,11.34,9.07,1987
691,15863,fortis,11.69,9.07,1987
692,10102,fortis,10.98,9.08,1987
693,14883,fortis,11.51,9.08,1987
694,13522,fortis,9.66,9.09,1987
695,10685,fortis,10.46,9.09,1987
696,14872,fortis,9.7,9.1,1987
697,15333,fortis,10.5,9.1,1987
698,14765,fortis,10.6,9.1,1987
699,15389,fortis,10.83,9.1,1987
700,13932,fortis,10.9,9.1,1987
701,13365,fortis,11.3,9.1,1987
702,15066,fortis,11.4,9.1,1987
703,14723,fortis,12.0,9.1,1987
704,14659,fortis,10.24,9.11,1987
705,16111,fortis,10.24,9.11,1987
706,15011,fortis,10.34,9.11,1987
707,15047,fortis,10.35,9.11,1987
708,15781,fortis,10.89,9.11,1987
709,14826,fortis,10.9,9.11,1987
710,15499,fortis,11.04,9.11,1987
711,15065,fortis,11.09,9.11,1987
712,15832,fortis,11.14,9.11,1987
713,15934,fortis,11.14,9.11,1987
714,14784,fortis,11.34,9.11,1987
715,15611,fortis,11.34,9.11,1987
716,15325,fortis,11.54,9.11,1987
717,14672,fortis,10.54,9.12,1987
718,14347,fortis,10.63,9.12,1987
719,15105,fortis,10.85,9.12,1987
720,15233,fortis,10.85,9.12,1987
721,14838,fortis,10.95,9.12,1987
722,15359,fortis,11.04,9.12,1987
723,5828,fortis,11.25,9.12,1987
724,14824,fortis,11.25,9.12,1987
725,15048,fortis,10.46,9.13,1987
726,15321,fortis,11.96,9.13,1987
727,5817,fortis,10.49,9.14,1987
728,13690,fortis,10.73,9.14,1987
729,5507,fortis,11.07,9.14,1987
730,5858,fortis,10.45,9.15,1987
731,16089,fortis,10.65,9.15,1987
732,5718,fortis,10.71,9.15,1987
733,15408,fortis,11.2,9.15,1987
734,14692,fortis,11.25,9.15,1987
735,15027,fortis,10.37,9.17,1987
736,14518,fortis,10.72,9.17,1987
737,13389,fortis,12.22,9.19,1987
738,14871,fortis,9.5,9.2,1987
739,14041,fortis,10.0,9.2,1987
740,15126,fortis,10.2,9.2,1987
741,15369,fortis,10.4,9.2,1987
742,5826,fortis,10.55,9.2,1987
743,14100,fortis,10.6,9.2,1987
744,15125,fortis,10.6,9.2,1987
745,5927,fortis,10.7,9.2,1987
746,10213,fortis,10.7,9.2,1987
747,14062,fortis,10.7,9.2,1987
748,14879,fortis,10.7,9.2,1987
749,14854,fortis,10.75,9.2,1987
750,15056,fortis,10.8,9.2,1987
751,14652,fortis,10.9,9.2,1987
752,15450,fortis,10.9,9.2,1987
753,15601,fortis,10.9,9.2,1987
754,10023,fortis,11.0,9.2,1987
755,14921,fortis,11.3,9.2,1987
756,15926,fortis,11.9,9.2,1987
757,15151,fortis,10.24,9.21,1987
758,15263,fortis,10.39,9.21,1987
759,2833,fortis,10.63,9.21,1987
760,15707,fortis,10.84,9.21,1987
761,15454,fortis,11.14,9.21,1987
762,15409,fortis,11.24,9.21,1987
763,15985,fortis,11.24,9.21,1987
764,15215,fortis,11.34,9.21,1987
765,15261,fortis,11.34,9.21,1987
766,15903,fortis,12.14,9.21,1987
767,5725,fortis,11.03,9.22,1987
768,15772,fortis,11.04,9.22,1987
769,14605,fortis,11.2,9.22,1987
770,14696,fortis,11.06,9.23,1987
771,14701,fortis,11.16,9.23,1987
772,2737,fortis,10.21,9.24,1987
773,14124,fortis,10.97,9.24,1987
774,13708,fortis,11.83,9.24,1987
775,14732,fortis,10.9,9.25,1987
776,15710,fortis,11.0,9.25,1987
777,15727,fortis,11.0,9.25,1987
778,14679,fortis,10.5,9.27,1987
779,15396,fortis,10.63,9.27,1987
780,14956,fortis,10.85,9.27,1987
781,15373,fortis,11.45,9.27,1987
782,14901,fortis,10.1,9.3,1987
783,15247,fortis,10.3,9.3,1987
784,2738,fortis,10.4,9.3,1987
785,14279,fortis,10.5,9.3,1987
786,15399,fortis,10.6,9.3,1987
787,15130,fortis,10.9,9.3,1987
788,15174,fortis,10.9,9.3,1987
789,10183,fortis,11.0,9.3,1987
790,14471,fortis,11.0,9.3,1987
791,15289,fortis,11.15,9.3,1987
792,15428,fortis,11.15,9.3,1987
793,2537,fortis,11.3,9.3,1987
794,2666,fortis,12.81,9.3,1987
795,14896,fortis,10.09,9.31,1987
796,15971,fortis,10.84,9.31,1987
797,15189,fortis,10.94,9.31,1987
798,15500,fortis,11.04,9.31,1987
799,15820,fortis,11.04,9.31,1987
800,15474,fortis,11.14,9.31,1987
801,15938,fortis,11.14,9.31,1987
802,15987,fortis,11.14,9.31,1987
803,15463,fortis,11.24,9.31,1987
804,15746,fortis,11.24,9.31,1987
805,15801,fortis,11.24,9.31,1987
806,15739,fortis,11.34,9.31,1987
807,14643,fortis,10.95,9.32,1987
808,15310,fortis,10.66,9.33,1987
809,14770,fortis,10.96,9.33,1987
810,14792,fortis,10.96,9.33,1987
811,15191,fortis,11.56,9.33,1987
812,14744,fortis,10.4,9.35,1987
813,15950,fortis,10.6,9.35,1987
814,15788,fortis,10.75,9.35,1987
815,15376,fortis,10.9,9.35,1987
816,10716,fortis,10.73,9.37,1987
817,15155,fortis,11.2,9.37,1987
818,14874,fortis,9.9,9.4,1987
819,15326,fortis,10.0,9.4,1987
820,14629,fortis,10.2,9.4,1987
821,15238,fortis,10.4,9.4,1987
822,14705,fortis,10.5,9.4,1987
823,15838,fortis,11.1,9.4,1987
824,10826,fortis,11.2,9.4,1987
825,14171,fortis,11.3,9.4,1987
826,15346,fortis,11.8,9.4,1987
827,15426,fortis,10.34,9.41,1987
828,15633,fortis,11.24,9.41,1987
829,15709,fortis,11.44,9.41,1987
830,15904,fortis,11.54,9.41,1987
831,15323,fortis,12.04,9.41,1987
832,15152,fortis,10.94,9.42,1987
833,15605,fortis,11.1,9.42,1987
834,14546,fortis,11.67,9.42,1987
835,14923,fortis,13.57,9.42,1987
836,15129,fortis,10.61,9.43,1987
837,15165,fortis,10.66,9.43,1987
838,14641,fortis,10.96,9.43,1987
839,14794,fortis,10.96,9.43,1987
840,13409,fortis,11.21,9.43,1987
841,15110,fortis,11.55,9.43,1987
842,14884,fortis,11.96,9.43,1987
843,10330,fortis,10.67,9.44,1987
844,2658,fortis,10.8,9.44,1987
845,13552,fortis,11.3,9.44,1987
846,15482,fortis,10.8,9.45,1987
847,14900,fortis,11.0,9.45,1987
848,5635,fortis,11.51,9.45,1987
849,15929,fortis,11.6,9.45,1987
850,13704,fortis,10.67,9.47,1987
851,14766,fortis,10.77,9.47,1987
852,14940,fortis,11.3,9.47,1987
853,15308,fortis,11.55,9.47,1987
854,14823,fortis,11.6,9.47,1987
855,14722,fortis,12.15,9.47,1987
856,15613,fortis,10.4,9.5,1987
857,13644,fortis,10.5,9.5,1987
858,15360,fortis,10.5,9.5,1987
859,15939,fortis,10.5,9.5,1987
860,16168,fortis,10.5,9.5,1987
861,15395,fortis,10.8,9.5,1987
862,15885,fortis,10.8,9.5,1987
863,10081,fortis,10.9,9.5,1987
864,15648,fortis,10.9,9.5,1987
865,15734,fortis,10.9,9.5,1987
866,15398,fortis,11.0,9.5,1987
867,10670,fortis,11.1,9.5,1987
868,15041,fortis,11.1,9.5,1987
869,2862,fortis,11.15,9.5,1987
870,14675,fortis,11.2,9.5,1987
871,14687,fortis,11.5,9.5,1987
872,14957,fortis,11.8,9.5,1987
873,15447,fortis,12.9,9.5,1987
874,15042,fortis,11.04,9.51,1987
875,15028,fortis,11.14,9.51,1987
876,15642,fortis,11.14,9.51,1987
877,15329,fortis,11.24,9.51,1987
878,15660,fortis,11.24,9.51,1987
879,15714,fortis,11.24,9.51,1987
880,15767,fortis,11.64,9.51,1987
881,15316,fortis,11.84,9.51,1987
882,14948,fortis,10.7,9.52,1987
883,14621,fortis,11.2,9.52,1987
884,14720,fortis,12.0,9.52,1987
885,14937,fortis,11.36,9.53,1987
886,15131,fortis,11.86,9.53,1987
887,15616,fortis,12.16,9.53,1987
888,15840,fortis,10.85,9.55,1987
889,14893,fortis,11.0,9.55,1987
890,14958,fortis,11.29,9.56,1987
891,14676,fortis,11.0,9.57,1987
892,14839,fortis,11.94,9.57,1987
893,15370,fortis,12.25,9.57,1987
894,5335,fortis,11.96,9.59,1987
895,10751,fortis,10.0,9.6,1987
896,14713,fortis,10.4,9.6,1987
897,14615,fortis,10.7,9.6,1987
898,14825,fortis,10.7,9.6,1987
899,14040,fortis,10.8,9.6,1987
900,16117,fortis,10.8,9.6,1987
901,13075,fortis,10.85,9.6,1987
902,15339,fortis,10.9,9.6,1987
903,2847,fortis,11.0,9.6,1987
904,14916,fortis,11.1,9.6,1987
905,15390,fortis,11.15,9.6,1987
906,4843,fortis,11.17,9.6,1987
907,14492,fortis,11.2,9.6,1987
908,5560,fortis,11.3,9.6,1987
909,14678,fortis,11.5,9.6,1987
910,14866,fortis,11.7,9.6,1987
911,15612,fortis,11.9,9.6,1987
912,15158,fortis,12.1,9.6,1987
913,14793,fortis,9.14,9.61,1987
914,10194,fortis,11.02,9.61,1987
915,15949,fortis,11.04,9.61,1987
916,15475,fortis,11.24,9.61,1987
917,15722,fortis,11.24,9.61,1987
918,15210,fortis,11.44,9.61,1987
919,15839,fortis,11.44,9.61,1987
920,15908,fortis,11.44,9.61,1987
921,15049,fortis,11.54,9.61,1987
922,15764,fortis,11.54,9.61,1987
923,15667,fortis,10.84,9.62,1987
924,15004,fortis,10.5,9.63,1987
925,15293,fortis,10.86,9.63,1987
926,14774,fortis,11.06,9.63,1987
927,14842,fortis,11.15,9.63,1987
928,15969,fortis,11.26,9.63,1987
929,14790,fortis,11.36,9.63,1987
930,14887,fortis,12.16,9.63,1987
931,14677,fortis,11.6,9.65,1987
932,14710,fortis,11.65,9.65,1987
933,4378,fortis,10.64,9.66,1987
934,5586,fortis,10.2,9.67,1987
935,15197,fortis,11.04,9.67,1987
936,10550,fortis,11.88,9.69,1987
937,14917,fortis,10.3,9.7,1987
938,14816,fortis,10.7,9.7,1987
939,4899,fortis,10.87,9.7,1987
940,4911,fortis,11.0,9.7,1987
941,15196,fortis,11.0,9.7,1987
942,15607,fortis,11.0,9.7,1987
943,16173,fortis,11.13,9.7,1987
944,14751,fortis,11.2,9.7,1987
945,15113,fortis,11.2,9.7,1987
946,14688,fortis,11.3,9.7,1987
947,13807,fortis,11.4,9.7,1987
948,15001,fortis,11.4,9.7,1987
949,15239,fortis,11.04,9.71,1987
950,15212,fortis,11.14,9.71,1987
951,15753,fortis,11.14,9.71,1987
952,10228,fortis,11.24,9.71,1987
953,15644,fortis,11.24,9.71,1987
954,14609,fortis,11.29,9.71,1987
955,15655,fortis,10.34,9.72,1987
956,14617,fortis,11.14,9.72,1987
957,13837,fortis,11.58,9.72,1987
958,15172,fortis,11.84,9.72,1987
959,14670,fortis,12.44,9.72,1987
960,14736,fortis,10.96,9.73,1987
961,15012,fortis,11.46,9.73,1987
962,14807,fortis,11.67,9.73,1987
963,13945,fortis,10.43,9.74,1987
964,14412,fortis,10.73,9.74,1987
965,3569,fortis,10.94,9.74,1987
966,15857,fortis,11.94,9.76,1987
967,15478,fortis,11.1,9.77,1987
968,15930,fortis,12.05,9.77,1987
969,14739,fortis,10.81,9.78,1987
970,14633,fortis,11.29,9.78,1987
971,14674,fortis,10.5,9.8,1987
972,13201,fortis,10.7,9.8,1987
973,5026,fortis,10.9,9.8,1987
974,15193,fortis,10.9,9.8,1987
975,14746,fortis,11.0,9.8,1987
976,14963,fortis,11.0,9.8,1987
977,14971,fortis,11.0,9.8,1987
978,15385,fortis,11.1,9.8,1987
979,15015,fortis,11.2,9.8,1987
980,5505,fortis,11.4,9.8,1987
981,15621,fortis,11.6,9.8,1987
982,14987,fortis,11.7,9.8,1987
983,14820,fortis,11.8,9.8,1987
984,14889,fortis,11.8,9.8,1987
985,5504,fortis,11.9,9.8,1987
986,15302,fortis,12.3,9.8,1987
987,14942,fortis,11.19,9.81,1987
988,14856,fortis,11.24,9.81,1987
989,14849,fortis,11.34,9.81,1987
990,15203,fortis,11.49,9.81,1987
991,15670,fortis,11.64,9.81,1987
992,15371,fortis,11.74,9.81,1987
993,15856,fortis,11.74,9.81,1987
994,15377,fortis,10.94,9.82,1987
995,15979,fortis,11.04,9.82,1987
996,14796,fortis,11.15,9.82,1987
997,15145,fortis,11.3,9.82,1987
998,15058,fortis,10.96,9.83,1987
999,15692,fortis,11.16,9.83,1987
1000,15033,fortis,11.26,9.83,1987
1001,15255,fortis,12.1,9.83,1987
1002,14620,fortis,10.7,9.85,1987
1003,13781,fortis,12.3,9.85,1987
1004,5625,fortis,10.94,9.86,1987
1005,14783,fortis,11.39,9.86,1987
1006,15053,fortis,12.01,9.86,1987
1007,15150,fortis,10.94,9.87,1987
1008,5921,fortis,11.2,9.87,1987
1009,15358,fortis,11.34,9.87,1987
1010,15383,fortis,11.7,9.87,1987
1011,14886,fortis,11.86,9.88,1987
1012,5570,fortis,10.8,9.9,1987
1013,13975,fortis,11.0,9.9,1987
1014,14930,fortis,11.2,9.9,1987
1015,15433,fortis,11.3,9.9,1987
1016,5400,fortis,11.5,9.9,1987
1017,15473,fortis,11.5,9.9,1987
1018,15124,fortis,11.7,9.9,1987
1019,5614,fortis,11.8,9.9,1987
1020,10305,fortis,11.82,9.9,1987
1021,15148,fortis,11.9,9.9,1987
1022,15849,fortis,12.0,9.9,1987
1023,15665,fortis,11.14,9.91,1987
1024,14955,fortis,11.74,9.91,1987
1025,14721,fortis,11.84,9.91,1987
1026,15682,fortis,12.24,9.91,1987
1027,4721,fortis,10.95,9.92,1987
1028,14660,fortis,11.14,9.92,1987
1029,15355,fortis,11.84,9.92,1987
1030,15653,fortis,11.84,9.92,1987
1031,14711,fortis,12.05,9.92,1987
1032,15281,fortis,12.17,9.92,1987
1033,4190,fortis,11.04,9.93,1987
1034,15650,fortis,11.06,9.93,1987
1035,15112,fortis,11.16,9.93,1987
1036,14974,fortis,11.46,9.93,1987
1037,10080,fortis,11.1,9.95,1987
1038,14943,fortis,11.85,9.95,1987
1039,13760,fortis,10.67,9.96,1987
1040,14689,fortis,11.2,9.96,1987
1041,14117,fortis,10.6,10.0,1987
1042,15674,fortis,10.6,10.0,1987
1043,10679,fortis,10.9,10.0,1987
1044,5963,fortis,11.0,10.0,1987
1045,14818,fortis,11.0,10.0,1987
1046,15749,fortis,11.0,10.0,1987
1047,14781,fortis,11.1,10.0,1987
1048,13231,fortis,11.13,10.0,1987
1049,14174,fortis,11.2,10.0,1987
1050,2776,fortis,11.3,10.0,1987
1051,15140,fortis,11.3,10.0,1987
1052,14745,fortis,11.5,10.0,1987
1053,15951,fortis,11.5,10.0,1987
1054,15291,fortis,11.7,10.0,1987
1055,14752,fortis,11.9,10.0,1987
1056,14772,fortis,12.0,10.0,1987
1057,15603,fortis,12.8,10.0,1987
1058,15062,fortis,11.44,10.01,1987
1059,15003,fortis,11.94,10.01,1987
1060,14961,fortis,11.84,10.02,1987
1061,14346,fortis,11.93,10.02,1987
1062,15073,fortis,10.66,10.03,1987
1063,5860,fortis,11.55,10.05,1987
1064,15681,fortis,12.29,10.06,1987
1065,14817,fortis,11.5,10.07,1987
1066,14618,fortis,11.16,10.08,1987
1067,13300,fortis,11.06,10.09,1987
1068,15183,fortis,11.2,10.1,1987
1069,13413,fortis,11.3,10.1,1987
1070,15897,fortis,11.6,10.1,1987
1071,15249,fortis,11.7,10.1,1987
1072,15199,fortis,11.34,10.11,1987
1073,15920,fortis,11.44,10.11,1987
1074,15099,fortis,11.49,10.11,1987
1075,14865,fortis,11.74,10.11,1987
1076,14333,fortis,11.03,10.12,1987
1077,5789,fortis,11.28,10.12,1987
1078,15309,fortis,11.45,10.12,1987
1079,15317,fortis,11.84,10.12,1987
1080,14895,fortis,10.96,10.13,1987
1081,14738,fortis,11.26,10.13,1987
1082,14926,fortis,12.66,10.13,1987
1083,15448,fortis,13.96,10.13,1987
1084,14812,fortis,11.05,10.15,1987
1085,5960,fortis,11.4,10.15,1987
1086,15461,fortis,11.44,10.16,1987
1087,4677,fortis,11.02,10.17,1987
1088,13595,fortis,11.4,10.17,1987
1089,14656,fortis,11.9,10.17,1987
1090,14657,fortis,10.25,10.2,1987
1091,14992,fortis,11.0,10.2,1987
1092,14777,fortis,11.6,10.2,1987
1093,15304,fortis,12.3,10.2,1987
1094,14619,fortis,11.54,10.21,1987
1095,14753,fortis,11.54,10.21,1987
1096,14650,fortis,11.74,10.21,1987
1097,15315,fortis,11.74,10.21,1987
1098,14627,fortis,10.86,10.23,1987
1099,15295,fortis,11.96,10.23,1987
1100,10658,fortis,11.15,10.27,1987
1101,4946,fortis,11.42,10.27,1987
1102,14655,fortis,11.33,10.29,1987
1103,5731,fortis,10.8,10.3,1987
1104,5559,fortis,11.0,10.3,1987
1105,15338,fortis,11.1,10.3,1987
1106,10622,fortis,11.3,10.3,1987
1107,2984,fortis,11.4,10.3,1987
1108,14851,fortis,11.4,10.3,1987
1109,5060,fortis,11.8,10.3,1987
1110,14003,fortis,11.8,10.32,1987
1111,5844,fortis,11.83,10.32,1987
1112,14805,fortis,11.06,10.33,1987
1113,3527,fortis,11.79,10.33,1987
1114,14919,fortis,11.87,10.33,1987
1115,15830,fortis,12.27,10.33,1987
1116,14468,fortis,11.83,10.34,1987
1117,5847,fortis,11.93,10.34,1987
1118,2753,fortis,10.89,10.35,1987
1119,15471,fortis,11.6,10.35,1987
1120,15609,fortis,11.8,10.35,1987
1121,15444,fortis,12.85,10.35,1987
1122,15025,fortis,11.29,10.37,1987
1123,14873,fortis,11.6,10.4,1987
1124,15101,fortis,11.7,10.4,1987
1125,15458,fortis,11.9,10.4,1987
1126,15037,fortis,12.0,10.4,1987
1127,15171,fortis,12.0,10.4,1987
1128,14925,fortis,12.75,10.4,1987
1129,15411,fortis,12.24,10.41,1987
1130,14616,fortis,11.65,10.42,1987
1131,14922,fortis,11.76,10.43,1987
1132,5905,fortis,11.86,10.43,1987
1133,4993,fortis,11.44,10.45,1987
1134,14662,fortis,11.0,10.5,1987
1135,5904,fortis,11.1,10.5,1987
1136,10181,fortis,11.1,10.5,1987
1137,15702,fortis,11.7,10.5,1987
1138,5543,fortis,11.8,10.5,1987
1139,720,fortis,12.2,10.5,1987
1140,15413,fortis,11.54,10.51,1987
1141,15392,fortis,11.64,10.51,1987
1142,15947,fortis,11.94,10.51,1987
1143,15955,fortis,12.34,10.51,1987
1144,15021,fortis,11.0,10.52,1987
1145,14625,fortis,11.84,10.52,1987
1146,14651,fortis,11.84,10.52,1987
1147,14848,fortis,11.36,10.53,1987
1148,15147,fortis,11.46,10.53,1987
1149,15980,fortis,11.56,10.53,1987
1150,4876,fortis,10.34,10.55,1987
1151,1469,fortis,11.73,10.56,1987
1152,15372,fortis,12.25,10.57,1987
1153,5649,fortis,11.55,10.59,1987
1154,3393,fortis,11.7,10.6,1987
1155,15216,fortis,11.9,10.6,1987
1156,15688,fortis,11.54,10.61,1987
1157,5821,fortis,12.32,10.62,1987
1158,14870,fortis,11.95,10.67,1987
1159,13407,fortis,11.27,10.68,1987
1160,14993,fortis,12.3,10.7,1987
1161,14663,fortis,11.65,10.72,1987
1162,14991,fortis,12.4,10.72,1987
1163,15170,fortis,12.84,10.72,1987
1164,14804,fortis,11.76,10.73,1987
1165,1774,fortis,11.9,10.75,1987
1166,14149,fortis,10.9,10.8,1987
1167,14622,fortis,11.0,10.8,1987
1168,15948,fortis,11.6,10.8,1987
1169,2536,fortis,11.44,10.84,1987
1170,14624,fortis,11.85,10.85,1987
1171,2743,fortis,12.1,10.85,1987
1172,5370,fortis,12.73,10.88,1987
1173,14706,fortis,11.5,10.9,1987
1174,15825,fortis,11.8,10.9,1987
1175,10178,fortis,11.7,11.0,1987
1176,15910,fortis,11.85,11.0,1987
1177,15976,fortis,12.2,11.0,1987
1178,14550,fortis,13.65,11.02,1987
1179,13487,fortis,11.78,11.07,1987
1180,14649,fortis,11.7,11.1,1987
1181,4986,fortis,11.87,11.17,1987
1182,15651,fortis,12.8,11.2,1987
1183,15954,fortis,12.04,11.21,1987
1184,15905,fortis,11.46,11.38,1987
1185,14442,fortis,11.53,11.38,1987
1186,14408,fortis,11.23,11.49,1987
1187,15877,fortis,12.26,11.53,1987
1188,5110,fortis,14.07,12.37,1987
1189,3597,fortis,13.03,12.7,1987
1190,15718,scandens,10.75,7.77,1987
1191,5594,scandens,13.73,7.94,1987
1192,15235,scandens,14.04,7.96,1987
1193,15252,scandens,12.5,8.0,1987
1194,15847,scandens,12.64,8.01,1987
1195,15139,scandens,12.66,8.23,1987
1196,15237,scandens,13.0,8.3,1987
1197,4045,scandens,13.15,8.36,1987
1198,8443,scandens,13.96,8.37,1987
1199,15798,scandens,13.15,8.4,1987
1200,14786,scandens,13.7,8.4,1987
1201,364,scandens,14.0,8.4,1987
1202,10001,scandens,13.43,8.41,1987
1203,15119,scandens,14.0,8.5,1987
1204,15676,scandens,14.9,8.5,1987
1205,15476,scandens,13.6,8.6,1987
1206,14576,scandens,13.8,8.6,1987
1207,15419,scandens,14.9,8.6,1987
1208,15635,scandens,13.94,8.61,1987
1209,2733,scandens,14.81,8.67,1987
1210,15751,scandens,12.5,8.7,1987
1211,14834,scandens,13.75,8.7,1987
1212,4109,scandens,14.0,8.7,1987
1213,15901,scandens,14.5,8.7,1987
1214,14830,scandens,14.7,8.7,1987
1215,15086,scandens,14.05,8.72,1987
1216,15986,scandens,14.17,8.72,1987
1217,4223,scandens,15.07,8.77,1987
1218,15725,scandens,11.5,8.8,1987
1219,13554,scandens,13.5,8.8,1987
1220,15407,scandens,13.87,8.8,1987
1221,3425,scandens,14.9,8.8,1987
1222,15704,scandens,12.34,8.81,1987
1223,15102,scandens,14.34,8.81,1987
1224,5582,scandens,15.07,8.87,1987
1225,15121,scandens,14.01,8.88,1987
1226,10770,scandens,12.86,8.89,1987
1227,14755,scandens,13.6,8.9,1987
1228,13555,scandens,13.8,8.9,1987
1229,15765,scandens,13.85,8.9,1987
1230,15243,scandens,13.9,8.9,1987
1231,8441,scandens,14.1,8.9,1987
1232,10067,scandens,14.1,8.9,1987
1233,15406,scandens,14.2,8.9,1987
1234,15234,scandens,14.3,8.9,1987
1235,15608,scandens,14.9,8.9,1987
1236,14758,scandens,13.84,8.91,1987
1237,14835,scandens,14.09,8.91,1987
1238,15882,scandens,14.05,8.92,1987
1239,14787,scandens,14.15,8.93,1987
1240,14727,scandens,14.25,8.93,1987
1241,5351,scandens,13.6,8.95,1987
1242,15859,scandens,14.57,8.95,1987
1243,15721,scandens,11.89,8.96,1987
1244,5663,scandens,13.8,8.97,1987
1245,2543,scandens,14.21,8.97,1987
1246,5013,scandens,14.76,8.99,1987
1247,10394,scandens,12.07,9.0,1987
1248,17548,scandens,13.9,9.0,1987
1249,14647,scandens,14.1,9.0,1987
1250,13548,scandens,14.3,9.0,1987
1251,5345,scandens,14.95,9.0,1987
1252,15760,scandens,14.34,9.01,1987
1253,15685,scandens,13.84,9.02,1987
1254,14731,scandens,14.04,9.02,1987
1255,14906,scandens,14.14,9.02,1987
1256,15330,scandens,12.56,9.03,1987
1257,4577,scandens,15.14,9.04,1987
1258,4744,scandens,14.35,9.05,1987
1259,10984,scandens,14.85,9.05,1987
1260,14759,scandens,14.04,9.06,1987
1261,15639,scandens,14.2,9.1,1987
1262,15090,scandens,14.3,9.1,1987
1263,4221,scandens,14.5,9.1,1987
1264,15422,scandens,14.5,9.1,1987
1265,15441,scandens,14.6,9.1,1987
1266,15736,scandens,15.0,9.1,1987
1267,4683,scandens,13.6,9.13,1987
1268,14768,scandens,14.65,9.13,1987
1269,5375,scandens,14.03,9.14,1987
1270,14843,scandens,14.16,9.18,1987
1271,2554,scandens,13.83,9.2,1987
1272,14995,scandens,14.2,9.2,1987
1273,15638,scandens,14.35,9.2,1987
1274,15837,scandens,14.45,9.2,1987
1275,10002,scandens,14.64,9.21,1987
1276,14584,scandens,15.04,9.21,1987
1277,14730,scandens,13.9,9.22,1987
1278,3458,scandens,14.34,9.24,1987
1279,5911,scandens,14.53,9.24,1987
1280,2760,scandens,14.2,9.25,1987
1281,15812,scandens,14.85,9.25,1987
1282,5367,scandens,15.1,9.25,1987
1283,10174,scandens,15.2,9.25,1987
1284,1645,scandens,13.5,9.26,1987
1285,4090,scandens,14.95,9.26,1987
1286,5576,scandens,13.83,9.28,1987
1287,14975,scandens,13.95,9.28,1987
1288,2877,scandens,15.09,9.28,1987
1289,10206,scandens,13.43,9.3,1987
1290,4778,scandens,13.7,9.3,1987
1291,5322,scandens,14.0,9.3,1987
1292,10207,scandens,14.15,9.3,1987
1293,10740,scandens,14.75,9.3,1987
1294,8450,scandens,14.9,9.3,1987
1295,10517,scandens,15.0,9.3,1987
1296,2758,scandens,13.56,9.32,1987
1297,14729,scandens,14.26,9.33,1987
1298,10743,scandens,13.83,9.34,1987
1299,13527,scandens,14.53,9.34,1987
1300,8444,scandens,14.84,9.34,1987
1301,15738,scandens,15.0,9.35,1987
1302,2445,scandens,13.76,9.37,1987
1303,5931,scandens,13.9,9.37,1987
1304,14728,scandens,14.29,9.37,1987
1305,15615,scandens,14.63,9.37,1987
1306,14646,scandens,14.3,9.38,1987
1307,13526,scandens,13.6,9.4,1987
1308,15343,scandens,14.4,9.4,1987
1309,10105,scandens,14.9,9.4,1987
1310,14645,scandens,14.9,9.4,1987
1311,2433,scandens,14.34,9.42,1987
1312,10268,scandens,14.53,9.43,1987
1313,10245,scandens,14.65,9.45,1987
1314,4706,scandens,14.8,9.5,1987
1315,14918,scandens,16.0,9.5,1987
1316,15694,scandens,13.14,9.51,1987
1317,15421,scandens,14.44,9.51,1987
1318,14208,scandens,12.73,9.52,1987
1319,1396,scandens,15.04,9.54,1987
1320,1444,scandens,14.85,9.55,1987
1321,4051,scandens,14.2,9.6,1987
1322,10061,scandens,15.2,9.6,1987
1323,4701,scandens,16.0,9.6,1987
1324,13257,scandens,14.47,9.62,1987
1325,2949,scandens,14.54,9.64,1987
1326,14946,scandens,14.9,9.65,1987
1327,5656,scandens,14.9,9.7,1987
1328,5608,scandens,15.8,9.7,1987
1329,15352,scandens,13.46,9.73,1987
1330,15817,scandens,14.77,9.73,1987
1331,4119,scandens,14.44,9.74,1987
1332,10223,scandens,15.2,9.8,1987
1333,2969,scandens,16.0,9.8,1987
1334,14648,scandens,14.4,9.82,1987
1335,15658,scandens,14.45,9.85,1987
1336,13256,scandens,15.35,9.85,1987
1337,8425,scandens,14.2,9.9,1987
1338,14524,scandens,15.3,9.9,1987
1339,10075,scandens,14.27,9.94,1987
1340,4137,scandens,15.8,10.0,1987
1341,14847,scandens,15.3,10.1,1987
1342,15886,scandens,11.24,10.11,1987
1343,14877,scandens,15.2,10.27,1987
1344,8036,scandens,15.44,10.34,1987
1345,14579,scandens,14.96,11.33,1987
1346,2639,fortis,10.3,8.95,1991
1347,2666,fortis,12.81,9.3,1991
1348,2753,fortis,10.89,10.35,1991
1349,2776,fortis,11.3,10.0,1991
1350,4229,fortis,10.05,8.62,1991
1351,4677,fortis,11.02,10.17,1991
1352,4715,fortis,10.4,8.7,1991
1353,4899,fortis,10.87,9.7,1991
1354,4911,fortis,11.0,9.7,1991
1355,4936,fortis,10.0,9.05,1991
1356,4946,fortis,11.42,10.27,1991
1357,5026,fortis,10.9,9.8,1991
1358,5110,fortis,14.07,12.37,1991
1359,5370,fortis,12.73,10.88,1991
1360,5505,fortis,11.4,9.8,1991
1361,5555,fortis,9.04,8.42,1991
1362,5578,fortis,9.8,7.65,1991
1363,5586,fortis,10.2,9.67,1991
1364,5602,fortis,10.83,8.74,1991
1365,5625,fortis,10.94,9.86,1991
1366,5626,fortis,11.1,8.89,1991
1367,5669,fortis,10.4,8.9,1991
1368,5685,fortis,9.8,8.55,1991
1369,5721,fortis,11.1,8.9,1991
1370,5731,fortis,10.8,10.3,1991
1371,5821,fortis,12.32,10.62,1991
1372,5826,fortis,10.55,9.2,1991
1373,5860,fortis,11.55,10.05,1991
1374,5872,fortis,11.8,8.8,1991
1375,5887,fortis,10.18,8.4,1991
1376,5904,fortis,11.1,10.5,1991
1377,5905,fortis,11.86,10.43,1991
1378,5921,fortis,11.2,9.87,1991
1379,5927,fortis,10.7,9.2,1991
1380,5960,fortis,11.4,10.15,1991
1381,10081,fortis,10.9,9.5,1991
1382,10100,fortis,10.93,8.45,1991
1383,10102,fortis,10.98,9.08,1991
1384,10181,fortis,11.1,10.5,1991
1385,10213,fortis,10.7,9.2,1991
1386,10305,fortis,11.82,9.9,1991
1387,10376,fortis,9.28,7.68,1991
1388,10679,fortis,10.9,10.0,1991
1389,10826,fortis,11.2,9.4,1991
1390,13269,fortis,9.4,8.7,1991
1391,13300,fortis,11.06,10.09,1991
1392,13351,fortis,10.0,8.35,1991
1393,13385,fortis,11.2,8.87,1991
1394,13486,fortis,9.98,9.07,1991
1395,13543,fortis,10.3,8.1,1991
1396,13575,fortis,11.0,8.93,1991
1397,13595,fortis,11.4,10.17,1991
1398,13644,fortis,10.5,9.5,1991
1399,13687,fortis,10.67,8.77,1991
1400,13704,fortis,10.67,9.47,1991
1401,13837,fortis,11.58,9.72,1991
1402,13945,fortis,10.43,9.74,1991
1403,13975,fortis,11.0,9.9,1991
1404,13994,fortis,10.18,8.64,1991
1405,14003,fortis,11.8,10.32,1991
1406,14041,fortis,10.0,9.2,1991
1407,14062,fortis,10.7,9.2,1991
1408,14100,fortis,10.6,9.2,1991
1409,14117,fortis,10.6,10.0,1991
1410,14258,fortis,10.76,8.91,1991
1411,14347,fortis,10.63,9.12,1991
1412,14442,fortis,11.53,11.38,1991
1413,14468,fortis,11.83,10.34,1991
1414,14478,fortis,10.9,8.95,1991
1415,14492,fortis,11.2,9.6,1991
1416,14518,fortis,10.72,9.17,1991
1417,14533,fortis,11.1,8.92,1991
1418,14612,fortis,9.27,7.95,1991
1419,14613,fortis,9.1,7.0,1991
1420,14620,fortis,10.7,9.85,1991
1421,14624,fortis,11.85,10.85,1991
1422,14625,fortis,11.84,10.52,1991
1423,14633,fortis,11.29,9.78,1991
1424,14655,fortis,11.33,10.29,1991
1425,14656,fortis,11.9,10.17,1991
1426,14660,fortis,11.14,9.92,1991
1427,14672,fortis,10.54,9.12,1991
1428,14674,fortis,10.5,9.8,1991
1429,14676,fortis,11.0,9.57,1991
1430,14678,fortis,11.5,9.6,1991
1431,14681,fortis,9.94,8.96,1991
1432,14684,fortis,10.7,8.9,1991
1433,14686,fortis,10.74,8.31,1991
1434,14687,fortis,11.5,9.5,1991
1435,14689,fortis,11.2,9.96,1991
1436,14692,fortis,11.25,9.15,1991
1437,14694,fortis,10.8,8.7,1991
1438,14705,fortis,10.5,9.4,1991
1439,14706,fortis,11.5,10.9,1991
1440,14710,fortis,11.65,9.65,1991
1441,14720,fortis,12.0,9.52,1991
1442,14722,fortis,12.15,9.47,1991
1443,14723,fortis,12.0,9.1,1991
1444,14741,fortis,11.04,9.06,1991
1445,14745,fortis,11.5,10.0,1991
1446,14752,fortis,11.9,10.0,1991
1447,14762,fortis,10.3,8.5,1991
1448,14763,fortis,10.19,8.81,1991
1449,14777,fortis,11.6,10.2,1991
1450,14783,fortis,11.39,9.86,1991
1451,14784,fortis,11.34,9.11,1991
1452,14788,fortis,12.0,9.0,1991
1453,14796,fortis,11.15,9.82,1991
1454,14797,fortis,10.37,8.8,1991
1455,14808,fortis,11.6,8.9,1991
1456,14811,fortis,10.33,8.9,1991
1457,14812,fortis,11.05,10.15,1991
1458,14818,fortis,11.0,10.0,1991
1459,14822,fortis,10.0,8.3,1991
1460,14841,fortis,9.9,8.87,1991
1461,14846,fortis,10.04,9.01,1991
1462,14854,fortis,10.75,9.2,1991
1463,14856,fortis,11.24,9.81,1991
1464,14858,fortis,10.9,8.8,1991
1465,14866,fortis,11.7,9.6,1991
1466,14873,fortis,11.6,10.4,1991
1467,14879,fortis,10.7,9.2,1991
1468,14880,fortis,9.84,8.72,1991
1469,14890,fortis,10.9,8.4,1991
1470,14900,fortis,11.0,9.45,1991
1471,14901,fortis,10.1,9.3,1991
1472,14902,fortis,10.0,8.6,1991
1473,14909,fortis,10.0,8.3,1991
1474,14912,fortis,9.64,8.28,1991
1475,14913,fortis,9.14,7.41,1991
1476,14915,fortis,11.0,9.0,1991
1477,14919,fortis,11.87,10.33,1991
1478,14925,fortis,12.75,10.4,1991
1479,14930,fortis,11.2,9.9,1991
1480,14939,fortis,10.2,8.45,1991
1481,14955,fortis,11.74,9.91,1991
1482,14956,fortis,10.85,9.27,1991
1483,14957,fortis,11.8,9.5,1991
1484,14958,fortis,11.29,9.56,1991
1485,14963,fortis,11.0,9.8,1991
1486,14970,fortis,9.8,8.5,1991
1487,14971,fortis,11.0,9.8,1991
1488,14978,fortis,9.7,8.1,1991
1489,14983,fortis,8.83,7.32,1991
1490,15001,fortis,11.4,9.7,1991
1491,15004,fortis,10.5,9.63,1991
1492,15005,fortis,11.29,8.71,1991
1493,15014,fortis,11.04,8.02,1991
1494,15015,fortis,11.2,9.8,1991
1495,15018,fortis,9.64,8.71,1991
1496,15025,fortis,11.29,10.37,1991
1497,15027,fortis,10.37,9.17,1991
1498,15037,fortis,12.0,10.4,1991
1499,15041,fortis,11.1,9.5,1991
1500,15047,fortis,10.35,9.11,1991
1501,15049,fortis,11.54,9.61,1991
1502,15054,fortis,10.3,9.0,1991
1503,15065,fortis,11.09,9.11,1991
1504,15066,fortis,11.4,9.1,1991
1505,15079,fortis,9.89,8.36,1991
1506,15106,fortis,10.0,8.25,1991
1507,15111,fortis,10.24,8.31,1991
1508,15125,fortis,10.6,9.2,1991
1509,15127,fortis,9.24,8.42,1991
1510,15150,fortis,10.94,9.87,1991
1511,15153,fortis,10.57,9.07,1991
1512,15154,fortis,9.4,7.95,1991
1513,15158,fortis,12.1,9.6,1991
1514,15170,fortis,12.84,10.72,1991
1515,15172,fortis,11.84,9.72,1991
1516,15182,fortis,10.1,8.9,1991
1517,15183,fortis,11.2,10.1,1991
1518,15188,fortis,10.74,8.47,1991
1519,15197,fortis,11.04,9.67,1991
1520,15210,fortis,11.44,9.61,1991
1521,15220,fortis,10.24,8.82,1991
1522,15223,fortis,11.6,8.9,1991
1523,15225,fortis,10.8,7.8,1991
1524,15229,fortis,10.99,8.96,1991
1525,15230,fortis,10.1,9.03,1991
1526,15232,fortis,10.52,8.98,1991
1527,15238,fortis,10.4,9.4,1991
1528,15241,fortis,10.8,9.0,1991
1529,15244,fortis,11.15,8.8,1991
1530,15246,fortis,10.64,8.76,1991
1531,15261,fortis,11.34,9.21,1991
1532,15263,fortis,10.39,9.21,1991
1533,15277,fortis,9.95,7.9,1991
1534,15281,fortis,12.17,9.92,1991
1535,15284,fortis,9.2,7.3,1991
1536,15285,fortis,9.34,7.92,1991
1537,15286,fortis,9.2,8.2,1991
1538,15288,fortis,10.95,8.35,1991
1539,15289,fortis,11.15,9.3,1991
1540,15291,fortis,11.7,10.0,1991
1541,15309,fortis,11.45,10.12,1991
1542,15313,fortis,10.04,8.87,1991
1543,15317,fortis,11.84,10.12,1991
1544,15337,fortis,10.47,8.97,1991
1545,15339,fortis,10.9,9.6,1991
1546,15346,fortis,11.8,9.4,1991
1547,15359,fortis,11.04,9.12,1991
1548,15376,fortis,10.9,9.35,1991
1549,15383,fortis,11.7,9.87,1991
1550,15385,fortis,11.1,9.8,1991
1551,15389,fortis,10.83,9.1,1991
1552,15392,fortis,11.64,10.51,1991
1553,15396,fortis,10.63,9.27,1991
1554,15402,fortis,9.99,8.36,1991
1555,15408,fortis,11.2,9.15,1991
1556,15412,fortis,10.5,9.07,1991
1557,15428,fortis,11.15,9.3,1991
1558,15431,fortis,11.29,8.91,1991
1559,15444,fortis,12.85,10.35,1991
1560,15464,fortis,9.45,8.65,1991
1561,15471,fortis,11.6,10.35,1991
1562,15478,fortis,11.1,9.77,1991
1563,15484,fortis,9.7,7.45,1991
1564,15601,fortis,10.9,9.2,1991
1565,15607,fortis,11.0,9.7,1991
1566,15621,fortis,11.6,9.8,1991
1567,15648,fortis,10.9,9.5,1991
1568,15650,fortis,11.06,9.93,1991
1569,15651,fortis,12.8,11.2,1991
1570,15659,fortis,11.04,8.91,1991
1571,15665,fortis,11.14,9.91,1991
1572,15667,fortis,10.84,9.62,1991
1573,15679,fortis,10.0,8.4,1991
1574,15681,fortis,12.29,10.06,1991
1575,15695,fortis,9.5,7.5,1991
1576,15702,fortis,11.7,10.5,1991
1577,15706,fortis,10.0,8.5,1991
1578,15726,fortis,9.04,7.42,1991
1579,15727,fortis,11.0,9.25,1991
1580,15734,fortis,10.9,9.5,1991
1581,15757,fortis,10.57,8.7,1991
1582,15761,fortis,11.3,8.6,1991
1583,15779,fortis,9.74,7.86,1991
1584,15788,fortis,10.75,9.35,1991
1585,15822,fortis,10.49,9.07,1991
1586,15830,fortis,12.27,10.33,1991
1587,15838,fortis,11.1,9.4,1991
1588,15840,fortis,10.85,9.55,1991
1589,15845,fortis,10.4,8.4,1991
1590,15854,fortis,10.64,8.91,1991
1591,15857,fortis,11.94,9.76,1991
1592,15863,fortis,11.69,9.07,1991
1593,15873,fortis,10.0,8.0,1991
1594,15885,fortis,10.8,9.5,1991
1595,15897,fortis,11.6,10.1,1991
1596,15914,fortis,9.24,7.81,1991
1597,15915,fortis,10.74,8.31,1991
1598,15920,fortis,11.44,10.11,1991
1599,15929,fortis,11.6,9.45,1991
1600,15930,fortis,12.05,9.77,1991
1601,15934,fortis,11.14,9.11,1991
1602,15939,fortis,10.5,9.5,1991
1603,15944,fortis,10.8,8.3,1991
1604,15948,fortis,11.6,10.8,1991
1605,15950,fortis,10.6,9.35,1991
1606,15951,fortis,11.5,10.0,1991
1607,15970,fortis,9.83,8.5,1991
1608,15973,fortis,10.19,8.06,1991
1609,15977,fortis,9.84,8.32,1991
1610,15978,fortis,10.39,8.76,1991
1611,15979,fortis,11.04,9.82,1991
1612,15983,fortis,10.54,8.71,1991
1613,15995,fortis,9.94,8.52,1991
1614,16007,fortis,10.04,8.22,1991
1615,16016,fortis,9.97,8.8,1991
1616,16024,fortis,9.0,7.4,1991
1617,16027,fortis,10.25,8.0,1991
1618,16028,fortis,11.1,9.65,1991
1619,16044,fortis,10.75,8.9,1991
1620,16091,fortis,9.33,7.7,1991
1621,16093,fortis,10.5,8.4,1991
1622,16095,fortis,10.0,8.15,1991
1623,16096,fortis,10.6,8.8,1991
1624,16135,fortis,11.5,9.4,1991
1625,16141,fortis,11.6,10.6,1991
1626,16143,fortis,11.4,10.1,1991
1627,16144,fortis,11.3,10.4,1991
1628,16145,fortis,10.8,9.4,1991
1629,16146,fortis,11.2,10.1,1991
1630,16148,fortis,10.8,9.5,1991
1631,16149,fortis,11.5,9.8,1991
1632,16150,fortis,11.65,10.3,1991
1633,16165,fortis,9.7,8.0,1991
1634,16167,fortis,10.55,8.85,1991
1635,16173,fortis,11.13,9.7,1991
1636,16176,fortis,10.9,9.6,1991
1637,16184,fortis,11.05,9.25,1991
1638,16190,fortis,10.7,9.2,1991
1639,16197,fortis,10.7,9.2,1991
1640,16301,fortis,10.4,9.1,1991
1641,16306,fortis,11.3,10.2,1991
1642,16309,fortis,10.9,8.6,1991
1643,16310,fortis,11.0,9.0,1991
1644,16315,fortis,10.9,8.8,1991
1645,16316,fortis,10.8,8.1,1991
1646,16317,fortis,10.2,8.2,1991
1647,16319,fortis,10.8,9.0,1991
1648,16331,fortis,10.9,9.8,1991
1649,16333,fortis,10.2,9.1,1991
1650,16336,fortis,12.5,9.9,1991
1651,16337,fortis,11.3,9.2,1991
1652,16341,fortis,10.3,9.5,1991
1653,16344,fortis,9.4,8.5,1991
1654,16356,fortis,11.05,9.4,1991
1655,16360,fortis,10.7,9.4,1991
1656,16367,fortis,9.7,8.6,1991
1657,16374,fortis,10.6,9.0,1991
1658,16378,fortis,11.55,9.8,1991
1659,16380,fortis,11.0,9.2,1991
1660,16385,fortis,10.8,8.8,1991
1661,16386,fortis,9.53,8.27,1991
1662,16387,fortis,11.9,10.3,1991
1663,16391,fortis,10.6,9.2,1991
1664,16394,fortis,10.8,9.6,1991
1665,16395,fortis,11.05,9.8,1991
1666,16396,fortis,12.5,10.3,1991
1667,16398,fortis,12.1,9.8,1991
1668,16507,fortis,10.9,10.1,1991
1669,16511,fortis,10.7,9.3,1991
1670,16514,fortis,10.8,9.5,1991
1671,16518,fortis,12.0,10.0,1991
1672,16531,fortis,11.65,9.95,1991
1673,16549,fortis,10.6,9.0,1991
1674,16550,fortis,10.75,9.05,1991
1675,16551,fortis,11.1,9.0,1991
1676,16553,fortis,10.9,9.2,1991
1677,16554,fortis,10.9,10.4,1991
1678,16559,fortis,11.3,9.9,1991
1679,16560,fortis,11.6,9.6,1991
1680,16564,fortis,12.1,10.3,1991
1681,16565,fortis,12.1,10.0,1991
1682,16566,fortis,12.0,10.2,1991
1683,16575,fortis,11.6,10.5,1991
1684,16579,fortis,11.8,10.4,1991
1685,16580,fortis,11.3,9.3,1991
1686,16583,fortis,10.3,8.5,1991
1687,16590,fortis,9.6,7.7,1991
1688,16594,fortis,11.5,9.9,1991
1689,16595,fortis,11.9,10.3,1991
1690,16596,fortis,11.8,10.5,1991
1691,16597,fortis,10.1,8.8,1991
1692,16598,fortis,9.9,8.8,1991
1693,16803,fortis,12.1,9.85,1991
1694,16805,fortis,11.3,9.5,1991
1695,16807,fortis,9.7,7.5,1991
1696,16808,fortis,11.15,9.45,1991
1697,16810,fortis,10.65,9.1,1991
1698,16811,fortis,9.9,7.5,1991
1699,16815,fortis,10.3,8.9,1991
1700,16816,fortis,11.4,9.8,1991
1701,16817,fortis,11.7,9.7,1991
1702,16818,fortis,11.3,10.1,1991
1703,16833,fortis,11.8,9.4,1991
1704,16834,fortis,11.55,9.0,1991
1705,16836,fortis,12.3,9.9,1991
1706,16840,fortis,10.9,9.0,1991
1707,16851,fortis,10.3,8.6,1991
1708,16858,fortis,11.5,9.4,1991
1709,16859,fortis,10.4,8.65,1991
1710,16861,fortis,10.1,8.7,1991
1711,16869,fortis,11.75,9.65,1991
1712,16875,fortis,10.1,8.1,1991
1713,16889,fortis,9.55,7.8,1991
1714,16891,fortis,9.7,8.0,1991
1715,16895,fortis,10.0,8.3,1991
1716,17010,fortis,11.3,8.9,1991
1717,17013,fortis,11.0,9.3,1991
1718,17014,fortis,10.0,8.2,1991
1719,17033,fortis,10.6,9.3,1991
1720,17037,fortis,10.77,9.03,1991
1721,17048,fortis,10.0,8.3,1991
1722,17057,fortis,12.3,10.1,1991
1723,17061,fortis,10.7,10.0,1991
1724,17063,fortis,9.85,8.6,1991
1725,17067,fortis,10.8,9.1,1991
1726,17070,fortis,10.6,9.2,1991
1727,17073,fortis,10.6,8.53,1991
1728,17075,fortis,10.7,9.0,1991
1729,17083,fortis,10.4,9.6,1991
1730,17095,fortis,10.7,8.9,1991
1731,17109,fortis,10.0,9.0,1991
1732,17111,fortis,9.7,8.7,1991
1733,17113,fortis,9.7,8.6,1991
1734,17114,fortis,10.5,8.6,1991
1735,17116,fortis,10.7,9.3,1991
1736,17136,fortis,11.0,9.1,1991
1737,17145,fortis,11.0,9.9,1991
1738,17160,fortis,10.9,9.3,1991
1739,17168,fortis,10.7,8.3,1991
1740,17179,fortis,9.73,8.37,1991
1741,17188,fortis,9.0,7.9,1991
1742,17301,fortis,9.4,9.2,1991
1743,17307,fortis,8.8,8.0,1991
1744,17310,fortis,8.9,7.9,1991
1745,17311,fortis,10.8,8.7,1991
1746,17315,fortis,11.3,9.0,1991
1747,17344,fortis,10.6,9.6,1991
1748,17360,fortis,11.1,9.8,1991
1749,17367,fortis,12.0,10.2,1991
1750,17369,fortis,13.0,11.2,1991
1751,17379,fortis,10.6,8.6,1991
1752,17380,fortis,11.85,9.2,1991
1753,17381,fortis,10.9,8.5,1991
1754,17384,fortis,11.5,10.3,1991
1755,17386,fortis,11.1,9.9,1991
1756,17388,fortis,11.9,10.2,1991
1757,17395,fortis,11.7,10.0,1991
1758,17403,fortis,9.7,8.0,1991
1759,17410,fortis,11.8,10.4,1991
1760,17411,fortis,10.0,9.1,1991
1761,17415,fortis,10.13,8.7,1991
1762,17416,fortis,10.7,9.1,1991
1763,17418,fortis,10.8,8.9,1991
1764,17419,fortis,10.6,9.0,1991
1765,17436,fortis,10.7,8.3,1991
1766,17439,fortis,11.4,9.7,1991
1767,17440,fortis,11.1,9.2,1991
1768,17443,fortis,11.0,8.8,1991
1769,17460,fortis,11.47,10.0,1991
1770,17461,fortis,10.2,9.0,1991
1771,17464,fortis,11.0,9.7,1991
1772,17466,fortis,10.6,9.6,1991
1773,17467,fortis,11.7,9.5,1991
1774,17468,fortis,10.7,8.8,1991
1775,17480,fortis,9.8,7.5,1991
1776,17483,fortis,10.1,7.8,1991
1777,17485,fortis,10.9,9.0,1991
1778,17490,fortis,10.7,9.9,1991
1779,17491,fortis,10.6,8.9,1991
1780,17493,fortis,11.6,10.5,1991
1781,17494,fortis,11.9,10.7,1991
1782,17496,fortis,12.4,10.0,1991
1783,17497,fortis,11.0,9.0,1991
1784,17498,fortis,10.6,9.7,1991
1785,17500,fortis,10.0,8.9,1991
1786,17503,fortis,9.8,7.9,1991
1787,17534,fortis,10.15,8.95,1991
1788,17551,fortis,9.3,7.7,1991
1789,17559,fortis,11.8,9.8,1991
1790,17568,fortis,10.8,8.9,1991
1791,17573,fortis,9.9,9.0,1991
1792,17583,fortis,9.9,8.4,1991
1793,17589,fortis,11.5,10.4,1991
1794,17603,fortis,10.5,9.17,1991
1795,17605,fortis,11.2,9.1,1991
1796,17615,fortis,12.4,9.4,1991
1797,17617,fortis,10.1,8.2,1991
1798,17618,fortis,10.85,8.1,1991
1799,17634,fortis,10.75,8.85,1991
1800,17638,fortis,8.9,6.9,1991
1801,17639,fortis,10.0,8.9,1991
1802,17641,fortis,11.2,9.5,1991
1803,17643,fortis,11.0,8.7,1991
1804,17646,fortis,12.3,9.9,1991
1805,17647,fortis,11.6,10.2,1991
1806,17648,fortis,11.1,9.4,1991
1807,17649,fortis,11.7,10.6,1991
1808,17653,fortis,11.0,8.4,1991
1809,17654,fortis,10.8,8.6,1991
1810,17656,fortis,9.5,8.2,1991
1811,17659,fortis,10.8,8.8,1991
1812,17664,fortis,10.5,9.2,1991
1813,17665,fortis,9.5,8.1,1991
1814,17666,fortis,11.7,10.5,1991
1815,17668,fortis,11.0,9.5,1991
1816,17677,fortis,10.6,9.0,1991
1817,17693,fortis,10.5,8.8,1991
1818,17696,fortis,11.1,10.1,1991
1819,17697,fortis,10.9,9.6,1991
1820,17698,fortis,10.7,9.6,1991
1821,17699,fortis,10.8,9.5,1991
1822,17717,fortis,11.55,9.65,1991
1823,17733,fortis,10.7,9.4,1991
1824,17734,fortis,11.3,10.0,1991
1825,17735,fortis,10.6,8.8,1991
1826,17738,fortis,10.4,9.9,1991
1827,17740,fortis,10.7,8.7,1991
1828,17754,fortis,9.8,9.0,1991
1829,17759,fortis,11.6,9.7,1991
1830,17768,fortis,10.1,8.4,1991
1831,17771,fortis,11.7,9.8,1991
1832,17786,fortis,11.7,9.6,1991
1833,17791,fortis,10.8,9.8,1991
1834,17797,fortis,10.3,8.5,1991
1835,17798,fortis,10.65,8.85,1991
1836,17800,fortis,10.8,8.9,1991
1837,17803,fortis,10.7,9.2,1991
1838,17907,fortis,10.7,9.0,1991
1839,17908,fortis,10.2,8.8,1991
1840,17916,fortis,9.7,7.4,1991
1841,17934,fortis,10.4,8.7,1991
1842,17936,fortis,11.5,9.0,1991
1843,17940,fortis,11.1,9.8,1991
1844,17954,fortis,10.3,9.2,1991
1845,17955,fortis,11.5,10.0,1991
1846,17964,fortis,10.9,9.5,1991
1847,17969,fortis,9.9,8.8,1991
1848,17971,fortis,10.8,8.8,1991
1849,17974,fortis,10.1,9.0,1991
1850,17983,fortis,10.9,9.0,1991
1851,17986,fortis,11.2,9.0,1991
1852,17991,fortis,12.7,10.65,1991
1853,17993,fortis,11.8,10.5,1991
1854,17999,fortis,11.5,9.5,1991
1855,2760,scandens,14.2,9.25,1991
1856,3425,scandens,14.9,8.8,1991
1857,4090,scandens,14.95,9.26,1991
1858,4137,scandens,15.8,10.0,1991
1859,4223,scandens,15.07,8.77,1991
1860,4683,scandens,13.6,9.13,1991
1861,4706,scandens,14.8,9.5,1991
1862,4778,scandens,13.7,9.3,1991
1863,5351,scandens,13.6,8.95,1991
1864,5582,scandens,15.07,8.87,1991
1865,5608,scandens,15.8,9.7,1991
1866,5656,scandens,14.9,9.7,1991
1867,10001,scandens,13.43,8.41,1991
1868,10002,scandens,14.64,9.21,1991
1869,10061,scandens,15.2,9.6,1991
1870,10105,scandens,14.9,9.4,1991
1871,10174,scandens,15.2,9.25,1991
1872,10206,scandens,13.43,9.3,1991
1873,10223,scandens,15.2,9.8,1991
1874,10268,scandens,14.53,9.43,1991
1875,10394,scandens,12.07,9.0,1991
1876,10740,scandens,14.75,9.3,1991
1877,13256,scandens,15.35,9.85,1991
1878,13257,scandens,14.47,9.62,1991
1879,13548,scandens,14.3,9.0,1991
1880,14208,scandens,12.73,9.52,1991
1881,14524,scandens,15.3,9.9,1991
1882,14576,scandens,13.8,8.6,1991
1883,14584,scandens,15.04,9.21,1991
1884,14646,scandens,14.3,9.38,1991
1885,14728,scandens,14.29,9.37,1991
1886,14731,scandens,14.04,9.02,1991
1887,14755,scandens,13.6,8.9,1991
1888,14758,scandens,13.84,8.91,1991
1889,14759,scandens,14.04,9.06,1991
1890,14786,scandens,13.7,8.4,1991
1891,14830,scandens,14.7,8.7,1991
1892,14834,scandens,13.75,8.7,1991
1893,14835,scandens,14.09,8.91,1991
1894,14847,scandens,15.3,10.1,1991
1895,14877,scandens,15.2,10.27,1991
1896,14946,scandens,14.9,9.65,1991
1897,14975,scandens,13.95,9.28,1991
1898,14995,scandens,14.2,9.2,1991
1899,15235,scandens,14.04,7.96,1991
1900,15237,scandens,13.0,8.3,1991
1901,15406,scandens,14.2,8.9,1991
1902,15419,scandens,14.9,8.6,1991
1903,15441,scandens,14.6,9.1,1991
1904,15476,scandens,13.6,8.6,1991
1905,15615,scandens,14.63,9.37,1991
1906,15638,scandens,14.35,9.2,1991
1907,15639,scandens,14.2,9.1,1991
1908,15658,scandens,14.45,9.85,1991
1909,15685,scandens,13.84,9.02,1991
1910,15694,scandens,13.14,9.51,1991
1911,15704,scandens,12.34,8.81,1991
1912,15718,scandens,10.75,7.77,1991
1913,15721,scandens,11.89,8.96,1991
1914,15725,scandens,11.5,8.8,1991
1915,15736,scandens,15.0,9.1,1991
1916,15760,scandens,14.34,9.01,1991
1917,15765,scandens,13.85,8.9,1991
1918,15798,scandens,13.15,8.4,1991
1919,15812,scandens,14.85,9.25,1991
1920,15817,scandens,14.77,9.73,1991
1921,15837,scandens,14.45,9.2,1991
1922,15859,scandens,14.57,8.95,1991
1923,15901,scandens,14.5,8.7,1991
1924,15986,scandens,14.17,8.72,1991
1925,16100,scandens,14.3,9.6,1991
1926,16109,scandens,14.0,9.3,1991
1927,16113,scandens,14.9,10.4,1991
1928,16183,scandens,14.0,8.9,1991
1929,16195,scandens,11.8,9.3,1991
1930,16568,scandens,12.15,8.4,1991
1931,16569,scandens,12.7,8.6,1991
1932,16585,scandens,13.7,8.9,1991
1933,16600,scandens,15.0,10.1,1991
1934,16873,scandens,14.4,8.9,1991
1935,17001,scandens,12.8,8.8,1991
1936,17004,scandens,14.05,9.25,1991
1937,17099,scandens,13.3,8.6,1991
1938,17140,scandens,13.1,8.7,1991
1939,17143,scandens,12.9,8.4,1991
1940,17153,scandens,14.8,9.5,1991
1941,17176,scandens,14.15,8.65,1991
1942,17305,scandens,14.4,9.0,1991
1943,17353,scandens,14.6,9.0,1991
1944,17374,scandens,13.0,8.5,1991
1945,17474,scandens,14.6,9.75,1991
1946,17475,scandens,13.8,9.1,1991
1947,17504,scandens,13.9,9.3,1991
1948,17505,scandens,13.6,8.6,1991
1949,17548,scandens,13.9,9.0,1991
1950,17658,scandens,14.3,9.1,1991
1951,17673,scandens,14.7,8.2,1991
1952,17674,scandens,13.5,8.1,1991
1953,17685,scandens,14.0,9.4,1991
1954,17764,scandens,13.1,9.0,1991
1955,17779,scandens,12.9,8.8,1991
1956,17788,scandens,14.6,10.1,1991
1957,17795,scandens,13.3,8.8,1991
1958,17901,scandens,14.8,9.5,1991
1959,17915,scandens,11.8,8.3,1991
1960,17930,scandens,12.8,8.7,1991
1961,17939,scandens,12.6,8.6,1991
1962,17947,scandens,11.8,7.9,1991
1963,17950,scandens,10.3,8.7,1991
1964,17953,scandens,11.1,9.5,1991
1965,17956,scandens,13.7,9.0,1991
1966,17963,scandens,13.8,8.9,1991
1967,19022,fortis,10.0,8.5,2012
1968,19028,fortis,12.5,8.9,2012
1969,19032,fortis,9.3,7.5,2012
1970,19041,fortis,10.3,9.6,2012
1971,19044,fortis,11.0,9.2,2012
1972,19048,fortis,10.1,8.2,2012
1973,19072,fortis,9.6,7.8,2012
1974,19082,fortis,10.9,8.6,2012
1975,19104,fortis,10.3,8.4,2012
1976,19114,fortis,9.8,7.7,2012
1977,19121,fortis,10.1,8.0,2012
1978,19126,fortis,10.4,8.7,2012
1979,19146,fortis,9.6,8.1,2012
1980,19164,fortis,10.6,8.8,2012
1981,19174,fortis,10.6,9.4,2012
1982,19203,fortis,11.9,10.0,2012
1983,19210,fortis,11.3,9.6,2012
1984,19217,fortis,11.3,9.6,2012
1985,19224,fortis,9.7,8.1,2012
1986,19226,fortis,9.7,7.5,2012
1987,19252,fortis,10.1,8.4,2012
1988,19263,fortis,10.0,7.9,2012
1989,19274,fortis,10.0,8.3,2012
1990,19280,fortis,10.0,8.9,2012
1991,19288,fortis,11.5,9.1,2012
1992,19328,fortis,9.5,7.7,2012
1993,19349,fortis,11.2,8.3,2012
1994,19362,fortis,10.7,8.6,2012
1995,19372,fortis,10.0,8.4,2012
1996,19382,fortis,9.8,7.7,2012
1997,19384,fortis,10.9,9.1,2012
1998,19392,fortis,9.2,7.7,2012
1999,19394,fortis,10.2,9.0,2012
2000,19422,fortis,11.3,10.2,2012
2001,19439,fortis,10.3,8.1,2012
2002,19461,fortis,10.7,8.6,2012
2003,19482,fortis,10.0,8.4,2012
2004,19502,fortis,9.7,8.1,2012
2005,19511,fortis,9.9,8.0,2012
2006,19536,fortis,10.7,8.3,2012
2007,19563,fortis,11.0,10.3,2012
2008,19568,fortis,9.7,8.0,2012
2009,19602,fortis,10.5,8.8,2012
2010,19604,fortis,11.7,9.0,2012
2011,19614,fortis,10.8,9.3,2012
2012,19623,fortis,9.1,7.6,2012
2013,19627,fortis,10.9,8.2,2012
2014,19642,fortis,12.2,10.0,2012
2015,19649,fortis,10.9,8.2,2012
2016,19654,fortis,10.7,8.2,2012
2017,19674,fortis,10.4,8.3,2012
2018,19682,fortis,9.7,7.8,2012
2019,19712,fortis,10.3,8.0,2012
2020,19734,fortis,9.8,8.4,2012
2021,19746,fortis,10.6,9.3,2012
2022,19749,fortis,10.5,8.9,2012
2023,19774,fortis,12.5,9.7,2012
2024,19782,fortis,9.2,7.6,2012
2025,19815,fortis,10.1,9.0,2012
2026,19820,fortis,10.6,8.6,2012
2027,19821,fortis,11.5,8.9,2012
2028,19829,fortis,10.8,8.6,2012
2029,19832,fortis,10.5,8.8,2012
2030,19835,fortis,10.1,8.5,2012
2031,19840,fortis,10.7,9.2,2012
2032,19849,fortis,9.6,8.0,2012
2033,19874,fortis,10.7,9.4,2012
2034,19878,fortis,10.1,7.7,2012
2035,19889,fortis,10.0,8.4,2012
2036,19914,fortis,10.0,8.5,2012
2037,19921,fortis,10.4,9.0,2012
2038,19922,fortis,10.4,9.0,2012
2039,19928,fortis,11.7,9.3,2012
2040,19932,fortis,10.6,8.7,2012
2041,19942,fortis,11.5,8.1,2012
2042,19946,fortis,10.7,8.7,2012
2043,19947,fortis,10.4,7.9,2012
2044,19952,fortis,10.1,7.7,2012
2045,19974,fortis,10.8,8.4,2012
2046,19993,fortis,11.5,9.25,2012
2047,19994,fortis,11.1,8.1,2012
2048,21049,fortis,9.9,8.3,2012
2049,21052,fortis,10.5,8.5,2012
2050,21080,fortis,12.2,9.9,2012
2051,21082,fortis,10.9,8.4,2012
2052,21087,fortis,12.9,9.9,2012
2053,21088,fortis,9.7,7.2,2012
2054,21089,fortis,9.7,8.2,2012
2055,21090,fortis,10.0,8.2,2012
2056,21129,fortis,10.1,8.3,2012
2057,21160,fortis,10.2,8.4,2012
2058,21161,fortis,9.6,7.5,2012
2059,21162,fortis,9.9,8.2,2012
2060,21165,fortis,10.6,8.6,2012
2061,21169,fortis,9.8,8.2,2012
2062,21191,fortis,11.1,8.8,2012
2063,21244,fortis,10.0,8.5,2012
2064,21247,fortis,10.9,8.1,2012
2065,21249,fortis,10.0,8.3,2012
2066,21258,fortis,10.6,8.5,2012
2067,21259,fortis,10.7,8.1,2012
2068,21261,fortis,9.4,7.3,2012
2069,21262,fortis,10.1,8.0,2012
2070,21265,fortis,11.8,10.2,2012
2071,21266,fortis,12.2,11.1,2012
2072,21272,fortis,12.9,9.9,2012
2073,21273,fortis,10.1,8.7,2012
2074,21276,fortis,10.1,8.3,2012
2075,21277,fortis,9.0,7.8,2012
2076,21282,fortis,11.7,9.9,2012
2077,21283,fortis,10.9,10.3,2012
2078,21287,fortis,10.4,8.4,2012
2079,21293,fortis,12.7,8.7,2012
2080,21294,fortis,10.5,9.8,2012
2081,21296,fortis,9.6,8.7,2012
2082,21298,fortis,10.6,9.0,2012
2083,21299,fortis,10.4,7.8,2012
2084,21341,fortis,10.5,8.5,2012
2085,21343,fortis,10.1,8.2,2012
2086,21349,fortis,10.6,9.2,2012
2087,22000,fortis,10.6,9.0,2012
2088,19026,scandens,14.3,9.4,2012
2089,19028,scandens,12.5,8.9,2012
2090,19029,scandens,13.7,9.5,2012
2091,19094,scandens,13.8,11.0,2012
2092,19122,scandens,12.0,8.7,2012
2093,19125,scandens,13.0,8.4,2012
2094,19129,scandens,13.0,9.1,2012
2095,19172,scandens,13.6,8.7,2012
2096,19182,scandens,12.8,10.2,2012
2097,19212,scandens,13.6,9.6,2012
2098,19214,scandens,12.95,8.85,2012
2099,19244,scandens,13.1,8.8,2012
2100,19251,scandens,13.4,9.5,2012
2101,19260,scandens,13.9,9.2,2012
2102,19270,scandens,12.3,9.0,2012
2103,19278,scandens,14.0,9.8,2012
2104,19289,scandens,12.5,9.3,2012
2105,19299,scandens,12.3,9.0,2012
2106,19312,scandens,13.9,10.2,2012
2107,19326,scandens,13.1,7.7,2012
2108,19343,scandens,12.5,9.0,2012
2109,19374,scandens,13.9,9.5,2012
2110,19401,scandens,13.7,9.4,2012
2111,19406,scandens,12.0,8.0,2012
2112,19408,scandens,14.4,8.9,2012
2113,19426,scandens,13.5,9.4,2012
2114,19430,scandens,13.8,9.5,2012
2115,19433,scandens,13.0,8.0,2012
2116,19438,scandens,14.9,10.0,2012
2117,19452,scandens,12.5,8.95,2012
2118,19466,scandens,12.3,8.2,2012
2119,19469,scandens,12.8,8.8,2012
2120,19486,scandens,13.4,9.2,2012
2121,19492,scandens,13.8,9.4,2012
2122,19493,scandens,13.5,9.5,2012
2123,19494,scandens,13.5,8.1,2012
2124,19495,scandens,13.4,9.5,2012
2125,19496,scandens,12.3,8.4,2012
2126,19497,scandens,14.35,9.3,2012
2127,19510,scandens,13.2,9.3,2012
2128,19513,scandens,13.8,9.6,2012
2129,19518,scandens,14.6,9.2,2012
2130,19526,scandens,14.3,10.0,2012
2131,19527,scandens,13.8,8.9,2012
2132,19528,scandens,13.6,10.5,2012
2133,19543,scandens,12.9,8.9,2012
2134,19553,scandens,13.0,8.6,2012
2135,19554,scandens,13.5,8.8,2012
2136,19573,scandens,13.2,9.15,2012
2137,19592,scandens,13.7,9.5,2012
2138,19594,scandens,13.1,9.1,2012
2139,19597,scandens,13.2,10.2,2012
2140,19598,scandens,12.6,8.4,2012
2141,19599,scandens,13.0,10.0,2012
2142,19619,scandens,13.9,10.2,2012
2143,19622,scandens,13.2,9.3,2012
2144,19652,scandens,15.0,10.8,2012
2145,19653,scandens,13.37,8.3,2012
2146,19664,scandens,11.4,7.8,2012
2147,19692,scandens,13.8,9.8,2012
2148,19720,scandens,13.0,7.9,2012
2149,19740,scandens,13.0,8.9,2012
2150,19747,scandens,13.1,7.7,2012
2151,19766,scandens,12.8,8.9,2012
2152,19783,scandens,13.3,9.4,2012
2153,19844,scandens,13.5,9.4,2012
2154,19848,scandens,12.4,8.5,2012
2155,19852,scandens,13.1,8.5,2012
2156,19854,scandens,14.0,9.6,2012
2157,19855,scandens,13.5,10.2,2012
2158,19868,scandens,11.8,8.8,2012
2159,19882,scandens,13.7,9.5,2012
2160,19900,scandens,13.2,9.3,2012
2161,19910,scandens,12.2,9.0,2012
2162,19936,scandens,13.0,9.2,2012
2163,19940,scandens,13.1,8.7,2012
2164,19941,scandens,14.7,9.0,2012
2165,19951,scandens,13.7,9.1,2012
2166,19955,scandens,13.5,8.7,2012
2167,19956,scandens,13.3,9.4,2012
2168,21040,scandens,14.1,9.8,2012
2169,21041,scandens,12.5,8.6,2012
2170,21045,scandens,13.7,10.6,2012
2171,21047,scandens,14.6,9.0,2012
2172,21053,scandens,14.1,9.5,2012
2173,21057,scandens,12.9,8.1,2012
2174,21070,scandens,13.9,9.3,2012
2175,21081,scandens,13.4,9.6,2012
2176,21092,scandens,13.0,8.5,2012
2177,21093,scandens,12.7,8.2,2012
2178,21106,scandens,12.1,8.0,2012
2179,21109,scandens,14.0,9.5,2012
2180,21111,scandens,14.9,9.7,2012
2181,21113,scandens,13.9,9.9,2012
2182,21131,scandens,12.9,9.1,2012
2183,21135,scandens,14.6,9.5,2012
2184,21136,scandens,14.0,9.8,2012
2185,21159,scandens,13.0,8.4,2012
2186,21167,scandens,12.7,8.3,2012
2187,21176,scandens,14.0,9.6,2012
2188,21248,scandens,14.1,9.4,2012
2189,21253,scandens,14.1,10.0,2012
2190,21255,scandens,13.0,8.9,2012
2191,21256,scandens,13.5,9.1,2012
2192,21257,scandens,13.4,9.8,2012
2193,21260,scandens,13.9,9.3,2012
2194,21263,scandens,13.1,9.9,2012
2195,21267,scandens,12.9,8.9,2012
2196,21268,scandens,14.0,8.5,2012
2197,21270,scandens,14.0,10.6,2012
2198,21271,scandens,14.1,9.3,2012
2199,21278,scandens,14.7,8.9,2012
2200,21279,scandens,13.4,8.9,2012
2201,21280,scandens,13.8,9.7,2012
2202,21281,scandens,13.4,9.8,2012
2203,21285,scandens,13.8,10.5,2012
2204,21286,scandens,12.4,8.4,2012
2205,21288,scandens,14.1,10.0,2012
2206,21289,scandens,12.9,9.0,2012
2207,21290,scandens,13.9,8.7,2012
2208,21291,scandens,14.3,8.8,2012
2209,21292,scandens,13.2,8.4,2012
2210,21295,scandens,14.2,9.3,2012
2211,21297,scandens,13.0,9.8,2012
2212,21340,scandens,14.6,8.9,2012
2213,21342,scandens,13.1,9.8,2012
2214,21347,scandens,15.2,9.1,2012
