align,choice,time,coherence,firing_rate
dots,T1,-80,0.0,33.1899674031
dots,T1,-80,3.2,31.6917255152
dots,T1,-80,6.4,34.2798399644
dots,T1,-80,12.8,32.6318742985
dots,T1,-80,25.6,35.0604874577
dots,T1,-80,51.2,34.9875710227
dots,T1,-60,0.0,32.8685258964
dots,T1,-60,3.2,35.119047619
dots,T1,-60,6.4,34.8410757946
dots,T1,-60,12.8,35.6481481481
dots,T1,-60,25.6,33.6105675147
dots,T1,-60,51.2,34.27734375
dots,T1,-40,0.0,34.561752988
dots,T1,-40,3.2,34.8958333333
dots,T1,-40,6.4,34.9633251834
dots,T1,-40,12.8,36.4711934156
dots,T1,-40,25.6,32.5342465753
dots,T1,-40,51.2,35.009765625
dots,T1,-20,0.0,35.3585657371
dots,T1,-20,3.2,31.1011904762
dots,T1,-20,6.4,35.5134474328
dots,T1,-20,12.8,34.5164609053
dots,T1,-20,25.6,34.7847358121
dots,T1,-20,51.2,36.669921875
dots,T1,0,0.0,36.2549800797
dots,T1,0,3.2,32.3660714286
dots,T1,0,6.4,36.9193154034
dots,T1,0,12.8,35.6995884774
dots,T1,0,25.6,35.8610567515
dots,T1,0,51.2,37.060546875
dots,T1,20,0.0,38.4960159363
dots,T1,20,3.2,33.4821428571
dots,T1,20,6.4,36.1858190709
dots,T1,20,12.8,36.0082304527
dots,T1,20,25.6,34.8825831703
dots,T1,20,51.2,35.888671875
dots,T1,40,0.0,36.2051792829
dots,T1,40,3.2,34.375
dots,T1,40,6.4,36.7970660147
dots,T1,40,12.8,35.3909465021
dots,T1,40,25.6,36.9863013699
dots,T1,40,51.2,36.279296875
dots,T1,60,0.0,34.7609561753
dots,T1,60,3.2,34.6726190476
dots,T1,60,6.4,38.2029339853
dots,T1,60,12.8,35.6481481481
dots,T1,60,25.6,38.0136986301
dots,T1,60,51.2,37.79296875
dots,T1,80,0.0,36.5537848606
dots,T1,80,3.2,32.3660714286
dots,T1,80,6.4,35.5745721271
dots,T1,80,12.8,33.7448559671
dots,T1,80,25.6,35.5675146771
dots,T1,80,51.2,37.353515625
dots,T1,100,0.0,33.515936255
dots,T1,100,3.2,31.5476190476
dots,T1,100,6.4,33.0073349633
dots,T1,100,12.8,32.2666032773
dots,T1,100,25.6,32.28962818
dots,T1,100,51.2,35.25390625
dots,T1,120,0.0,31.6733067729
dots,T1,120,3.2,30.8779761905
dots,T1,120,6.4,31.9682151589
dots,T1,120,12.8,32.7986405205
dots,T1,120,25.6,29.6966731898
dots,T1,120,51.2,33.349609375
dots,T1,140,0.0,32.1215139442
dots,T1,140,3.2,30.0970758473
dots,T1,140,6.4,31.173594132
dots,T1,140,12.8,31.1927760396
dots,T1,140,25.6,29.3052837573
dots,T1,140,51.2,31.3593367034
dots,T1,160,0.0,34.4621513944
dots,T1,160,3.2,33.0191183554
dots,T1,160,6.4,33.6797066015
dots,T1,160,12.8,31.9922938189
dots,T1,160,25.6,33.0684130789
dots,T1,160,51.2,31.4144049073
dots,T1,180,0.0,37.5857760456
dots,T1,180,3.2,39.206226297
dots,T1,180,6.4,38.4799298148
dots,T1,180,12.8,38.2790725256
dots,T1,180,25.6,38.0283572714
dots,T1,180,51.2,35.2981969562
dots,T1,200,0.0,41.3876308811
dots,T1,200,3.2,43.0009045681
dots,T1,200,6.4,42.8315775134
dots,T1,200,12.8,44.1881669593
dots,T1,200,25.6,43.2053130261
dots,T1,200,51.2,44.0021276055
dots,T1,220,0.0,45.2145741795
dots,T1,220,3.2,44.0531572195
dots,T1,220,6.4,44.5503067614
dots,T1,220,12.8,46.0072153238
dots,T1,220,25.6,46.6656178604
dots,T1,220,51.2,49.4455590075
dots,T1,240,0.0,44.426667193
dots,T1,240,3.2,45.5579976408
dots,T1,240,6.4,45.3353150482
dots,T1,240,12.8,45.2545114631
dots,T1,240,25.6,48.057998072
dots,T1,240,51.2,52.8138549965
dots,T1,260,0.0,43.5176761377
dots,T1,260,3.2,46.4806723604
dots,T1,260,6.4,45.975678826
dots,T1,260,12.8,45.978011874
dots,T1,260,25.6,51.49830443
dots,T1,260,51.2,56.0062634769
dots,T1,280,0.0,45.183845031
dots,T1,280,3.2,46.7680543787
dots,T1,280,6.4,47.6079465912
dots,T1,280,12.8,49.4179484906
dots,T1,280,25.6,53.4063507726
dots,T1,280,51.2,56.5709270698
dots,T1,300,0.0,44.5806310958
dots,T1,300,3.2,47.7403311288
dots,T1,300,6.4,47.9453145595
dots,T1,300,12.8,50.884901111
dots,T1,300,25.6,53.9921770122
dots,T1,320,0.0,42.1883499648
dots,T1,320,3.2,46.1091773662
dots,T1,320,6.4,46.9297722083
dots,T1,320,12.8,50.5475711692
dots,T1,320,25.6,54.2706099715
dots,T1,340,0.0,41.7881832087
dots,T1,340,3.2,45.6333595786
dots,T1,340,6.4,47.6741978356
dots,T1,340,12.8,49.8453330566
dots,T1,340,25.6,55.4833048133
dots,T1,360,0.0,43.8889398626
dots,T1,360,3.2,47.8811790178
dots,T1,360,6.4,50.4307958419
dots,T1,360,12.8,50.5637453923
dots,T1,360,25.6,57.6132002761
dots,T1,380,0.0,46.7939865745
dots,T1,380,3.2,46.0362955566
dots,T1,380,6.4,50.2350060629
dots,T1,380,12.8,51.839563305
dots,T1,380,25.6,57.9308464384
dots,T1,400,0.0,45.4823942827
dots,T1,400,3.2,45.3563633893
dots,T1,400,6.4,48.816525836
dots,T1,400,12.8,52.3134685064
dots,T1,400,25.6,58.2719153733
dots,T1,420,0.0,45.2294029647
dots,T1,420,3.2,47.370806321
dots,T1,420,6.4,51.0426760675
dots,T1,420,12.8,54.3442280151
dots,T1,420,25.6,58.7792250482
dots,T1,440,0.0,47.5705138296
dots,T1,440,3.2,47.8962913334
dots,T1,440,6.4,52.8451380575
dots,T1,440,12.8,56.5905120229
dots,T1,460,0.0,47.9965125796
dots,T1,460,3.2,49.7589895528
dots,T1,460,6.4,54.6071568221
dots,T1,460,12.8,57.6417931949
dots,T1,480,0.0,47.4221784572
dots,T1,480,3.2,50.2088029789
dots,T1,480,6.4,56.3631120383
dots,T1,480,12.8,57.336239303
dots,T1,500,0.0,48.4253715445
dots,T1,500,3.2,49.8924509929
dots,T1,500,6.4,56.3159583107
dots,T1,500,12.8,57.8834341936
dots,T1,520,0.0,49.8483600507
dots,T1,520,3.2,49.395357585
dots,T1,520,6.4,55.6257450533
dots,T1,520,12.8,56.7031475447
dots,T1,540,0.0,51.4958439254
dots,T1,540,3.2,48.066627973
dots,T1,540,6.4,52.6625406001
dots,T1,540,12.8,56.5965566665
dots,T1,560,0.0,53.8839724539
dots,T1,560,3.2,48.6514774419
dots,T1,560,6.4,51.2677935943
dots,T1,560,12.8,57.4458518599
dots,T1,580,0.0,53.0430826028
dots,T1,580,3.2,50.928916973
dots,T1,580,6.4,55.3879064133
dots,T1,600,0.0,52.1063146794
dots,T1,600,3.2,50.4609948656
dots,T1,600,6.4,58.3763412771
dots,T1,620,0.0,51.9722589882
dots,T1,620,3.2,49.6072463942
dots,T1,620,6.4,58.4313296726
dots,T1,640,0.0,51.4946850007
dots,T1,640,3.2,53.7183234006
dots,T1,660,0.0,51.3666266822
dots,T1,660,3.2,56.9613202683
dots,T1,680,0.0,52.6740476122
dots,T1,680,3.2,57.0799478842
dots,T1,700,0.0,52.6806817764
dots,T1,720,0.0,51.299586053
dots,T2,-80,0.0,34.9701072622
dots,T2,-80,3.2,36.7858148044
dots,T2,-80,6.4,34.4785059901
dots,T2,-80,12.8,34.9914236707
dots,T2,-80,25.6,32.2415329768
dots,T2,-80,51.2,32.6330162086
dots,T2,-60,0.0,33.8491295938
dots,T2,-60,3.2,35.6811145511
dots,T2,-60,6.4,35.5943152455
dots,T2,-60,12.8,33.2285115304
dots,T2,-60,25.6,34.0196078431
dots,T2,-60,51.2,33.8662790698
dots,T2,-40,0.0,35.2030947776
dots,T2,-40,3.2,35.5263157895
dots,T2,-40,6.4,35.0129198966
dots,T2,-40,12.8,34.9056603774
dots,T2,-40,25.6,34.7058823529
dots,T2,-40,51.2,33.0910852713
dots,T2,-20,0.0,35.1063829787
dots,T2,-20,3.2,34.9845201238
dots,T2,-20,6.4,36.3695090439
dots,T2,-20,12.8,36.320754717
dots,T2,-20,25.6,34.8529411765
dots,T2,-20,51.2,35.3197674419
dots,T2,0,0.0,34.1392649903
dots,T2,0,3.2,36.1455108359
dots,T2,0,6.4,37.8552971576
dots,T2,0,12.8,36.0062893082
dots,T2,0,25.6,34.4117647059
dots,T2,0,51.2,35.6104651163
dots,T2,20,0.0,35.9767891683
dots,T2,20,3.2,38.3900928793
dots,T2,20,6.4,36.9509043928
dots,T2,20,12.8,36.8972746331
dots,T2,20,25.6,34.362745098
dots,T2,20,51.2,33.8178294574
dots,T2,40,0.0,36.3636363636
dots,T2,40,3.2,40.4024767802
dots,T2,40,6.4,35.9819121447
dots,T2,40,12.8,37.8406708595
dots,T2,40,25.6,35.9803921569
dots,T2,40,51.2,36.1918604651
dots,T2,60,0.0,34.7195357834
dots,T2,60,3.2,37.4613003096
dots,T2,60,6.4,35.4005167959
dots,T2,60,12.8,37.0545073375
dots,T2,60,25.6,35.8823529412
dots,T2,60,51.2,37.8391472868
dots,T2,80,0.0,35.3965183752
dots,T2,80,3.2,34.0557275542
dots,T2,80,6.4,33.5917312661
dots,T2,80,12.8,36.0062893082
dots,T2,80,25.6,35.3431372549
dots,T2,80,51.2,35.6589147287
dots,T2,100,0.0,31.8665377176
dots,T2,100,3.2,33.2817337461
dots,T2,100,6.4,31.3953488372
dots,T2,100,12.8,33.3333333333
dots,T2,100,25.6,33.6764705882
dots,T2,100,51.2,32.6550387597
dots,T2,120,0.0,29.6905222437
dots,T2,120,3.2,32.1207430341
dots,T2,120,6.4,30.9492892804
dots,T2,120,12.8,30.5063756889
dots,T2,120,25.6,31.2745098039
dots,T2,120,51.2,30.6686046512
dots,T2,140,0.0,31.5280464217
dots,T2,140,3.2,30.572755418
dots,T2,140,6.4,32.4888754083
dots,T2,140,12.8,30.6956495116
dots,T2,140,25.6,31.3725490196
dots,T2,140,51.2,31.4084685455
dots,T2,160,0.0,33.4622823985
dots,T2,160,3.2,31.9399161621
dots,T2,160,6.4,34.1883327301
dots,T2,160,12.8,33.4109778842
dots,T2,160,25.6,33.0303469437
dots,T2,160,51.2,33.4367357364
dots,T2,180,0.0,38.2070547501
dots,T2,180,3.2,37.8712163752
dots,T2,180,6.4,38.5042012826
dots,T2,180,12.8,38.4719004777
dots,T2,180,25.6,37.0775301438
dots,T2,180,51.2,38.2633844689
dots,T2,200,0.0,42.7578085722
dots,T2,200,3.2,42.2897196262
dots,T2,200,6.4,42.9949986829
dots,T2,200,12.8,41.5088392695
dots,T2,200,25.6,41.8176444453
dots,T2,200,51.2,43.1074684774
dots,T2,220,0.0,44.5909389003
dots,T2,220,3.2,45.3417177461
dots,T2,220,6.4,45.4000593486
dots,T2,220,12.8,41.8565530425
dots,T2,220,25.6,42.4234549444
dots,T2,220,51.2,40.6228763776
dots,T2,240,0.0,43.3291259446
dots,T2,240,3.2,45.5698126733
dots,T2,240,6.4,46.0860105176
dots,T2,240,12.8,41.9135577374
dots,T2,240,25.6,39.0738361103
dots,T2,240,51.2,37.4852335411
dots,T2,260,0.0,43.3132225106
dots,T2,260,3.2,43.3325723491
dots,T2,260,6.4,43.3791616022
dots,T2,260,12.8,41.9109630979
dots,T2,260,25.6,37.912397605
dots,T2,260,51.2,36.7127196352
dots,T2,280,0.0,44.0351005894
dots,T2,280,3.2,40.7781018409
dots,T2,280,6.4,42.3074505091
dots,T2,280,12.8,38.8754812498
dots,T2,280,25.6,38.1344925275
dots,T2,280,51.2,35.9808003647
dots,T2,300,0.0,42.9985009362
dots,T2,300,3.2,40.6293355403
dots,T2,300,6.4,42.5742920171
dots,T2,300,12.8,37.7958539325
dots,T2,300,25.6,36.2919354435
dots,T2,300,51.2,34.1760123767
dots,T2,320,0.0,39.8459992058
dots,T2,320,3.2,38.6301686727
dots,T2,320,6.4,41.2207626677
dots,T2,320,12.8,35.5155038833
dots,T2,320,25.6,33.6229546792
dots,T2,320,51.2,33.7686320342
dots,T2,340,0.0,38.294630264
dots,T2,340,3.2,39.2359539907
dots,T2,340,6.4,41.5255817987
dots,T2,340,12.8,34.3093086994
dots,T2,340,25.6,31.1869789361
dots,T2,360,0.0,38.7832089442
dots,T2,360,3.2,40.5201660452
dots,T2,360,6.4,40.2438173059
dots,T2,360,12.8,37.3473010589
dots,T2,360,25.6,30.9096204221
dots,T2,380,0.0,37.7037571598
dots,T2,380,3.2,37.8557504873
dots,T2,380,6.4,38.1466711944
dots,T2,380,12.8,36.4564971115
dots,T2,380,25.6,30.4264563351
dots,T2,400,0.0,39.742881112
dots,T2,400,3.2,37.7696727599
dots,T2,400,6.4,37.282919343
dots,T2,400,12.8,36.5347678542
dots,T2,400,25.6,27.8518122463
dots,T2,420,0.0,41.3684007973
dots,T2,420,3.2,38.8926908711
dots,T2,420,6.4,36.7202937136
dots,T2,420,12.8,35.1082370207
dots,T2,420,25.6,27.861418733
dots,T2,440,0.0,40.6496445189
dots,T2,440,3.2,39.9098650911
dots,T2,440,6.4,38.0156523023
dots,T2,440,12.8,35.2694954062
dots,T2,440,25.6,29.81667219
dots,T2,460,0.0,42.7507271759
dots,T2,460,3.2,39.6852155867
dots,T2,460,6.4,38.520175851
dots,T2,460,12.8,36.5036817188
dots,T2,480,0.0,41.6795939186
dots,T2,480,3.2,38.2746541855
dots,T2,480,6.4,38.0980698037
dots,T2,480,12.8,34.0660031252
dots,T2,500,0.0,38.0762367984
dots,T2,500,3.2,38.7038940633
dots,T2,500,6.4,39.399412391
dots,T2,500,12.8,36.6778056607
dots,T2,520,0.0,40.3020387251
dots,T2,520,3.2,38.768191293
dots,T2,520,6.4,37.1402778543
dots,T2,520,12.8,36.8786473739
dots,T2,540,0.0,41.3666539656
dots,T2,540,3.2,37.1782371295
dots,T2,540,6.4,35.8263885332
dots,T2,540,12.8,33.7657325009
dots,T2,560,0.0,42.1411371631
dots,T2,560,3.2,39.4878074198
dots,T2,560,6.4,36.8214417656
dots,T2,560,12.8,33.73267699
dots,T2,580,0.0,40.6285403536
dots,T2,580,3.2,41.2384548086
dots,T2,580,6.4,36.1422793814
dots,T2,600,0.0,38.626129285
dots,T2,600,3.2,38.9859711621
dots,T2,600,6.4,36.4593012697
dots,T2,620,0.0,41.6313731495
dots,T2,620,3.2,40.9941162703
dots,T2,620,6.4,35.3408471901
dots,T2,640,0.0,41.3093764734
dots,T2,640,3.2,42.9420765936
dots,T2,640,6.4,37.8523264371
dots,T2,660,0.0,40.65999957
dots,T2,660,3.2,39.3419135381
dots,T2,680,0.0,42.454915858
dots,T2,680,3.2,37.8062672369
dots,T2,700,0.0,43.4649588514
dots,T2,700,3.2,38.994559118
dots,T2,720,0.0,41.9871213179
dots,T2,720,3.2,41.7160565573
sacc,T1,-600,0.0,45.2325120377
sacc,T1,-580,0.0,45.4264028997
sacc,T1,-560,0.0,43.0716466126
sacc,T1,-560,3.2,44.6334707376
sacc,T1,-540,0.0,45.4794313401
sacc,T1,-540,3.2,44.2150705016
sacc,T1,-520,0.0,45.506553529
sacc,T1,-520,3.2,45.6483325386
sacc,T1,-500,0.0,45.4151502861
sacc,T1,-500,3.2,45.9241043648
sacc,T1,-500,6.4,50.0619965618
sacc,T1,-480,0.0,48.160760903
sacc,T1,-480,3.2,45.7282215546
sacc,T1,-480,6.4,49.6277218935
sacc,T1,-460,0.0,46.3937943881
sacc,T1,-460,3.2,47.06353638
sacc,T1,-460,6.4,51.0213340154
sacc,T1,-440,0.0,43.5141711801
sacc,T1,-440,3.2,47.6131067824
sacc,T1,-440,6.4,48.7946689049
sacc,T1,-440,12.8,49.603478703
sacc,T1,-420,0.0,45.6403332059
sacc,T1,-420,3.2,48.9830083705
sacc,T1,-420,6.4,51.0323809137
sacc,T1,-420,12.8,51.9676391845
sacc,T1,-400,0.0,48.8318863322
sacc,T1,-400,3.2,47.171291067
sacc,T1,-400,6.4,52.5509987955
sacc,T1,-400,12.8,51.7947628697
sacc,T1,-380,0.0,50.8980590583
sacc,T1,-380,3.2,48.9092059523
sacc,T1,-380,6.4,48.8474113348
sacc,T1,-380,12.8,52.0292508296
sacc,T1,-360,0.0,51.2067586014
sacc,T1,-360,3.2,50.2840383861
sacc,T1,-360,6.4,50.145345275
sacc,T1,-360,12.8,53.2630051358
sacc,T1,-340,0.0,50.2800233932
sacc,T1,-340,3.2,50.0120454694
sacc,T1,-340,6.4,52.2716382085
sacc,T1,-340,12.8,53.0778335811
sacc,T1,-320,0.0,49.4086709956
sacc,T1,-320,3.2,51.7156662265
sacc,T1,-320,6.4,53.0425605954
sacc,T1,-320,12.8,53.4673586898
sacc,T1,-300,0.0,49.1203942708
sacc,T1,-300,3.2,49.418248136
sacc,T1,-300,6.4,54.0102823529
sacc,T1,-300,12.8,54.6096601316
sacc,T1,-300,25.6,54.1875464625
sacc,T1,-280,0.0,51.6971579109
sacc,T1,-280,3.2,51.0207341541
sacc,T1,-280,6.4,55.7411082083
sacc,T1,-280,12.8,53.2776573023
sacc,T1,-280,25.6,54.5064306881
sacc,T1,-260,0.0,52.6379444601
sacc,T1,-260,3.2,52.6249011151
sacc,T1,-260,6.4,56.567696028
sacc,T1,-260,12.8,53.945858687
sacc,T1,-260,25.6,55.0692362824
sacc,T1,-240,0.0,51.2549672581
sacc,T1,-240,3.2,52.5865121943
sacc,T1,-240,6.4,53.8916036035
sacc,T1,-240,12.8,55.8665513894
sacc,T1,-240,25.6,54.0660056789
sacc,T1,-220,0.0,50.5983703221
sacc,T1,-220,3.2,51.4625155232
sacc,T1,-220,6.4,54.3207205125
sacc,T1,-220,12.8,55.9107111914
sacc,T1,-220,25.6,53.4235227174
sacc,T1,-200,0.0,54.0969887257
sacc,T1,-200,3.2,52.8902388815
sacc,T1,-200,6.4,57.2658855352
sacc,T1,-200,12.8,55.8513473336
sacc,T1,-200,25.6,54.30218802
sacc,T1,-180,0.0,56.0836482647
sacc,T1,-180,3.2,54.6633426001
sacc,T1,-180,6.4,56.5684880076
sacc,T1,-180,12.8,57.0138948985
sacc,T1,-180,25.6,56.7413467363
sacc,T1,-160,0.0,55.3505702695
sacc,T1,-160,3.2,53.8272331128
sacc,T1,-160,6.4,56.7240292283
sacc,T1,-160,12.8,58.1193158789
sacc,T1,-160,25.6,58.6021829868
sacc,T1,-160,51.2,54.8967997613
sacc,T1,-140,0.0,57.1593256173
sacc,T1,-140,3.2,56.5769900664
sacc,T1,-140,6.4,56.7545502426
sacc,T1,-140,12.8,59.1831621625
sacc,T1,-140,25.6,58.7923267235
sacc,T1,-140,51.2,57.8214569751
sacc,T1,-120,0.0,58.53308329
sacc,T1,-120,3.2,59.1191539695
sacc,T1,-120,6.4,58.9815430655
sacc,T1,-120,12.8,61.3557810869
sacc,T1,-120,25.6,59.4419114489
sacc,T1,-120,51.2,59.6895693369
sacc,T1,-100,0.0,59.4948613645
sacc,T1,-100,3.2,62.7954637729
sacc,T1,-100,6.4,62.4863240028
sacc,T1,-100,12.8,62.6925464066
sacc,T1,-100,25.6,59.4754759182
sacc,T1,-100,51.2,59.1229508662
sacc,T1,-80,0.0,62.1398334413
sacc,T1,-80,3.2,63.6967779056
sacc,T1,-80,6.4,63.6803949111
sacc,T1,-80,12.8,63.7975062565
sacc,T1,-80,25.6,60.746123495
sacc,T1,-80,51.2,61.6545577621
sacc,T1,-60,0.0,63.9918381337
sacc,T1,-60,3.2,64.0885489132
sacc,T1,-60,6.4,65.9275648059
sacc,T1,-60,12.8,64.4531213517
sacc,T1,-60,25.6,65.0785915901
sacc,T1,-60,51.2,62.7558667307
sacc,T1,-40,0.0,65.9860557769
sacc,T1,-40,3.2,66.4632254083
sacc,T1,-40,6.4,67.7872860636
sacc,T1,-40,12.8,67.6494487948
sacc,T1,-40,25.6,67.4806695911
sacc,T1,-40,51.2,66.6127927521
sacc,T1,-20,0.0,68.3764940239
sacc,T1,-20,3.2,66.8195604614
sacc,T1,-20,6.4,68.2762836186
sacc,T1,-20,12.8,69.8335976272
sacc,T1,-20,25.6,69.2759295499
sacc,T1,-20,51.2,69.2525512899
sacc,T1,0,0.0,67.6792828685
sacc,T1,0,3.2,66.443452381
sacc,T1,0,6.4,70.0488997555
sacc,T1,0,12.8,68.1668870183
sacc,T1,0,25.6,69.5694716243
sacc,T1,0,51.2,67.87109375
sacc,T1,20,0.0,63.8446215139
sacc,T1,20,3.2,65.0297619048
sacc,T1,20,6.4,66.9926650367
sacc,T1,20,12.8,62.6236601367
sacc,T1,20,25.6,66.2426614481
sacc,T1,20,51.2,66.455078125
sacc,T1,40,0.0,60.3585657371
sacc,T1,40,3.2,60.193452381
sacc,T1,40,6.4,58.5574572127
sacc,T1,40,12.8,59.0020576132
sacc,T1,40,25.6,62.084148728
sacc,T1,40,51.2,62.939453125
sacc,T1,60,0.0,53.2370517928
sacc,T1,60,3.2,51.2648809524
sacc,T1,60,6.4,51.95599022
sacc,T1,60,12.8,52.3148148148
sacc,T1,60,25.6,52.8375733855
sacc,T1,60,51.2,53.61328125
sacc,T1,80,0.0,44.3725099602
sacc,T1,80,3.2,43.75
sacc,T1,80,6.4,45.2322738386
sacc,T1,80,12.8,42.0781893004
sacc,T1,80,25.6,44.373776908
sacc,T1,80,51.2,44.677734375
sacc,T1,100,0.0,37.5996015936
sacc,T1,100,3.2,38.244047619
sacc,T1,100,6.4,37.1638141809
sacc,T1,100,12.8,36.1111111111
sacc,T1,100,25.6,37.915851272
sacc,T1,100,51.2,37.744140625
sacc,T1,120,0.0,30.8266932271
sacc,T1,120,3.2,29.9851190476
sacc,T1,120,6.4,30.8679706601
sacc,T1,120,12.8,29.6296296296
sacc,T1,120,25.6,29.6966731898
sacc,T1,120,51.2,31.494140625
sacc,T1,140,0.0,25.8964143426
sacc,T1,140,3.2,23.2142857143
sacc,T1,140,6.4,24.3887530562
sacc,T1,140,12.8,24.6399176955
sacc,T1,140,25.6,23.5812133072
sacc,T1,140,51.2,25.87890625
sacc,T1,160,0.0,20.3685258964
sacc,T1,160,3.2,20.3125
sacc,T1,160,6.4,19.3765281174
sacc,T1,160,12.8,19.5473251029
sacc,T1,160,25.6,18.6888454012
sacc,T1,160,51.2,21.044921875
sacc,T1,180,0.0,14.4422310757
sacc,T1,180,3.2,16.0714285714
sacc,T1,180,6.4,16.564792176
sacc,T1,180,12.8,14.866255144
sacc,T1,180,25.6,14.481409002
sacc,T1,180,51.2,16.89453125
sacc,T1,200,0.0,10.4581673307
sacc,T1,200,3.2,12.7838338423
sacc,T1,200,6.4,13.141809291
sacc,T1,200,12.8,12.4485596708
sacc,T1,200,25.6,11.1056751468
sacc,T1,200,51.2,13.330078125
sacc,T1,220,0.0,8.71513944223
sacc,T1,220,3.2,10.6859286565
sacc,T1,220,6.4,9.35207823961
sacc,T1,220,12.8,10.0823045267
sacc,T1,220,25.6,10.3718199609
sacc,T1,220,51.2,11.474609375
sacc,T1,240,0.0,8.86454183267
sacc,T1,240,3.2,8.30860534125
sacc,T1,240,6.4,7.45721271394
sacc,T1,240,12.8,8.48765432099
sacc,T1,240,25.6,9.93150684932
sacc,T1,240,51.2,9.47265625
sacc,T1,260,0.0,7.76892430279
sacc,T1,260,3.2,6.89910979228
sacc,T1,260,6.4,7.39608801956
sacc,T1,260,12.8,7.61316872428
sacc,T1,260,25.6,8.12133072407
sacc,T1,260,51.2,8.251953125
sacc,T1,280,0.0,6.47410358566
sacc,T1,280,3.2,7.34421364985
sacc,T1,280,6.4,7.21271393643
sacc,T1,280,12.8,6.27572016461
sacc,T1,280,25.6,7.48532289628
sacc,T1,280,51.2,8.056640625
sacc,T1,300,0.0,6.57370517928
sacc,T1,300,3.2,6.6765578635
sacc,T1,300,6.4,7.0293398533
sacc,T1,300,12.8,6.37860082305
sacc,T1,300,25.6,6.60469667319
sacc,T1,300,51.2,7.666015625
sacc,T2,-600,0.0,44.2103307115
sacc,T2,-600,3.2,43.0738351627
sacc,T2,-580,0.0,42.0951655159
sacc,T2,-580,3.2,43.0756767503
sacc,T2,-560,0.0,42.1253513485
sacc,T2,-560,3.2,45.285452736
sacc,T2,-540,0.0,44.1789711798
sacc,T2,-540,3.2,44.4708434932
sacc,T2,-520,0.0,43.3521961356
sacc,T2,-520,3.2,41.5618016122
sacc,T2,-520,6.4,44.2199954188
sacc,T2,-500,0.0,43.1815199497
sacc,T2,-500,3.2,42.8556154206
sacc,T2,-500,6.4,42.4625739991
sacc,T2,-480,0.0,40.9459448349
sacc,T2,-480,3.2,41.8233212614
sacc,T2,-480,6.4,45.1344918679
sacc,T2,-460,0.0,40.0093039819
sacc,T2,-460,3.2,40.537176289
sacc,T2,-460,6.4,42.6259401288
sacc,T2,-440,0.0,43.0018202785
sacc,T2,-440,3.2,39.4091538793
sacc,T2,-440,6.4,40.2619258987
sacc,T2,-440,12.8,41.1419903616
sacc,T2,-420,0.0,42.3766444199
sacc,T2,-420,3.2,39.5781225037
sacc,T2,-420,6.4,41.5610024235
sacc,T2,-420,12.8,40.409673204
sacc,T2,-400,0.0,40.6714853979
sacc,T2,-400,3.2,41.2375491667
sacc,T2,-400,6.4,40.9429357455
sacc,T2,-400,12.8,38.5119562086
sacc,T2,-380,0.0,43.2876446613
sacc,T2,-380,3.2,42.085900587
sacc,T2,-380,6.4,39.9689553885
sacc,T2,-380,12.8,39.7333761332
sacc,T2,-360,0.0,43.3612315989
sacc,T2,-360,3.2,42.4194708691
sacc,T2,-360,6.4,41.5804848172
sacc,T2,-360,12.8,40.044420197
sacc,T2,-340,0.0,39.8762267679
sacc,T2,-340,3.2,42.0788697858
sacc,T2,-340,6.4,41.9028758554
sacc,T2,-340,12.8,38.3120025573
sacc,T2,-320,0.0,40.4448454043
sacc,T2,-320,3.2,40.1513880957
sacc,T2,-320,6.4,40.4341352507
sacc,T2,-320,12.8,37.7310662817
sacc,T2,-320,25.6,37.0585131882
sacc,T2,-300,0.0,40.887184232
sacc,T2,-300,3.2,38.9407023685
sacc,T2,-300,6.4,41.2580403278
sacc,T2,-300,12.8,38.124344213
sacc,T2,-300,25.6,36.0738072395
sacc,T2,-280,0.0,41.1947056441
sacc,T2,-280,3.2,39.5680329223
sacc,T2,-280,6.4,38.3602705272
sacc,T2,-280,12.8,37.3681995607
sacc,T2,-280,25.6,33.8812336651
sacc,T2,-260,0.0,41.0136327071
sacc,T2,-260,3.2,38.3195658023
sacc,T2,-260,6.4,36.4397887275
sacc,T2,-260,12.8,36.2032193868
sacc,T2,-260,25.6,31.805921065
sacc,T2,-240,0.0,41.8416740624
sacc,T2,-240,3.2,36.0275741717
sacc,T2,-240,6.4,37.6898636484
sacc,T2,-240,12.8,36.5745098348
sacc,T2,-240,25.6,31.6444372473
sacc,T2,-220,0.0,44.2495790872
sacc,T2,-220,3.2,37.0695086704
sacc,T2,-220,6.4,37.956359877
sacc,T2,-220,12.8,37.3919401512
sacc,T2,-220,25.6,31.3636734123
sacc,T2,-200,0.0,42.1919635126
sacc,T2,-200,3.2,38.0726715912
sacc,T2,-200,6.4,37.0371458417
sacc,T2,-200,12.8,36.5375027453
sacc,T2,-200,25.6,31.830531567
sacc,T2,-200,51.2,34.278488404
sacc,T2,-180,0.0,39.9167537004
sacc,T2,-180,3.2,37.9308811524
sacc,T2,-180,6.4,36.3390296669
sacc,T2,-180,12.8,35.0061872356
sacc,T2,-180,25.6,32.4350363538
sacc,T2,-180,51.2,34.4335537627
sacc,T2,-160,0.0,40.8200657039
sacc,T2,-160,3.2,38.2566962825
sacc,T2,-160,6.4,36.7686859329
sacc,T2,-160,12.8,33.0507600504
sacc,T2,-160,25.6,32.3455813934
sacc,T2,-160,51.2,33.426397216
sacc,T2,-140,0.0,41.6360762294
sacc,T2,-140,3.2,36.5123153677
sacc,T2,-140,6.4,37.072901881
sacc,T2,-140,12.8,32.8615628189
sacc,T2,-140,25.6,29.9254467262
sacc,T2,-140,51.2,32.6695852309
sacc,T2,-120,0.0,39.9027077915
sacc,T2,-120,3.2,35.8890690743
sacc,T2,-120,6.4,38.9400053932
sacc,T2,-120,12.8,33.160408053
sacc,T2,-120,25.6,28.7117587722
sacc,T2,-120,51.2,32.3783626069
sacc,T2,-100,0.0,39.8545786265
sacc,T2,-100,3.2,37.6253424388
sacc,T2,-100,6.4,37.2592360274
sacc,T2,-100,12.8,31.7857081144
sacc,T2,-100,25.6,28.5092773179
sacc,T2,-100,51.2,30.3214636813
sacc,T2,-80,0.0,39.0686538561
sacc,T2,-80,3.2,38.3177570093
sacc,T2,-80,6.4,37.1092892429
sacc,T2,-80,12.8,31.6706619895
sacc,T2,-80,25.6,27.1673864252
sacc,T2,-80,51.2,27.5442304251
sacc,T2,-60,0.0,37.8178588842
sacc,T2,-60,3.2,36.0756294232
sacc,T2,-60,6.4,38.4960754833
sacc,T2,-60,12.8,31.2421028491
sacc,T2,-60,25.6,27.0994763722
sacc,T2,-60,51.2,27.8371555374
sacc,T2,-40,0.0,37.8626692456
sacc,T2,-40,3.2,35.2618508867
sacc,T2,-40,6.4,35.2250005049
sacc,T2,-40,12.8,29.1523049649
sacc,T2,-40,25.6,28.0553221978
sacc,T2,-40,51.2,27.4957625592
sacc,T2,-20,0.0,35.8800773694
sacc,T2,-20,3.2,34.9845201238
sacc,T2,-20,6.4,34.2941079289
sacc,T2,-20,12.8,28.8572631065
sacc,T2,-20,25.6,27.6470588235
sacc,T2,-20,51.2,26.7883724699
sacc,T2,0,0.0,34.912959381
sacc,T2,0,3.2,32.5851393189
sacc,T2,0,6.4,32.8856784499
sacc,T2,0,12.8,27.726905303
sacc,T2,0,25.6,25.3431372549
sacc,T2,0,51.2,25.5329457364
sacc,T2,20,0.0,32.9787234043
sacc,T2,20,3.2,31.73374613
sacc,T2,20,6.4,30.7493540052
sacc,T2,20,12.8,25.9958071279
sacc,T2,20,25.6,25.0490196078
sacc,T2,20,51.2,23.8856589147
sacc,T2,40,0.0,32.833655706
sacc,T2,40,3.2,34.6749226006
sacc,T2,40,6.4,31.65374677
sacc,T2,40,12.8,28.7211740042
sacc,T2,40,25.6,28.3333333333
sacc,T2,40,51.2,28.003875969
sacc,T2,60,0.0,30.9477756286
sacc,T2,60,3.2,34.520123839
sacc,T2,60,6.4,30.9431524548
sacc,T2,60,12.8,30.9224318658
sacc,T2,60,25.6,29.1666666667
sacc,T2,60,51.2,29.8449612403
sacc,T2,80,0.0,24.7098646035
sacc,T2,80,3.2,27.0897832817
sacc,T2,80,6.4,27.7777777778
sacc,T2,80,12.8,27.6729559748
sacc,T2,80,25.6,26.2254901961
sacc,T2,80,51.2,27.4709302326
sacc,T2,100,0.0,25.8704061896
sacc,T2,100,3.2,26.7027863777
sacc,T2,100,6.4,27.1963824289
sacc,T2,100,12.8,27.463312369
sacc,T2,100,25.6,28.1862745098
sacc,T2,100,51.2,29.1666666667
sacc,T2,120,0.0,28.3849129594
sacc,T2,120,3.2,30.959752322
sacc,T2,120,6.4,28.2945736434
sacc,T2,120,12.8,29.4549266247
sacc,T2,120,25.6,31.9117647059
sacc,T2,120,51.2,32.2189922481
sacc,T2,140,0.0,27.3694390716
sacc,T2,140,3.2,29.6439628483
sacc,T2,140,6.4,29.0697674419
sacc,T2,140,12.8,30.2410901468
sacc,T2,140,25.6,30.2450980392
sacc,T2,140,51.2,32.4612403101
sacc,T2,160,0.0,27.9013539652
sacc,T2,160,3.2,30.2631578947
sacc,T2,160,6.4,30.6201550388
sacc,T2,160,12.8,30.1362683438
sacc,T2,160,25.6,29.8039215686
sacc,T2,160,51.2,33.1395348837
sacc,T2,180,0.0,29.9323017408
sacc,T2,180,3.2,32.6625386997
sacc,T2,180,6.4,29.6511627907
sacc,T2,180,12.8,28.9832285115
sacc,T2,180,25.6,30.4411764706
sacc,T2,180,51.2,32.9457364341
sacc,T2,200,0.0,29.7388781431
sacc,T2,200,3.2,29.7213622291
sacc,T2,200,6.4,29.0051679587
sacc,T2,200,12.8,28.4067085954
sacc,T2,200,25.6,29.9509803922
sacc,T2,200,51.2,31.2984496124
sacc,T2,220,0.0,27.5628626692
sacc,T2,220,3.2,29.6439628483
sacc,T2,220,6.4,29.0697674419
sacc,T2,220,12.8,27.1488469602
sacc,T2,220,25.6,27.5490196078
sacc,T2,220,51.2,30.1356589147
sacc,T2,240,0.0,28.6750483559
sacc,T2,240,3.2,29.5665634675
sacc,T2,240,6.4,29.8449612403
sacc,T2,240,12.8,26.9916142558
sacc,T2,240,25.6,27.8921568627
sacc,T2,240,51.2,30.2810077519
sacc,T2,260,0.0,28.8201160542
sacc,T2,260,3.2,26.8575851393
sacc,T2,260,6.4,29.9095607235
sacc,T2,260,12.8,28.1446540881
sacc,T2,260,25.6,28.5784313725
sacc,T2,260,51.2,31.1046511628
sacc,T2,280,0.0,28.6750483559
sacc,T2,280,3.2,30.4953560372
sacc,T2,280,6.4,27.5839793282
sacc,T2,280,12.8,28.5115303983
sacc,T2,280,25.6,26.4705882353
sacc,T2,280,51.2,30.8139534884
sacc,T2,300,0.0,28.3849129594
sacc,T2,300,3.2,33.2817337461
sacc,T2,300,6.4,27.5839793282
sacc,T2,300,12.8,28.5115303983
sacc,T2,300,25.6,27.0098039216
sacc,T2,300,51.2,30.9593023256
