Month,Day,1978,1979,1980,1981,1982,1983,1984,1985,1986,1987,1988,1989,1990,1991,1992,1993,1994,1995,1996,1997,1998,1999,2000,2001,2002,2003,2004,2005,2006,2007,2008,2009,2010,2011,2012,2013,2014,2015,2016,2017,2018,2019,2020,2021,2022
January,1,,,14.2,14.256,,14.253,,,14.036,,,14.261,14.319,13.634,14.069,14.035,14.095,14.145,13.804,13.657,14.025,13.823,13.442,13.479,13.59,13.647,13.502,13.16,13.16,13.11,13.206,13.189,13.205,12.896,13.353,12.959,13.011,13.073,12.721,12.643,12.484,12.934,13.046,12.711,13.302
,2,,14.997,,,14.479,,14.103,14.045,,14.305,,14.313,14.384,13.831,14.092,14.141,14.11,14.258,13.818,13.801,14.097,13.886,13.539,13.385,13.628,13.698,13.538,13.163,13.21,13.207,13.164,13.18,13.232,12.915,13.421,12.961,13.103,13.125,12.806,12.644,12.6,12.992,13.072,12.71,13.438
,3,,,14.302,14.456,,14.306,,,14.292,,,14.402,14.283,13.847,14.141,14.25,14.042,14.335,13.786,13.837,14.262,13.884,13.63,13.418,13.598,13.876,13.502,13.293,13.267,13.182,13.19,13.267,13.254,12.926,13.379,13.012,13.116,13.112,12.79,12.713,12.634,12.98,13.17,12.799,13.411
,4,,14.922,,,14.642,,14.237,14.24,,14.417,,14.417,14.321,13.858,14.072,14.255,14.168,14.288,13.791,13.864,14.277,13.913,13.657,13.51,13.623,13.925,13.59,13.313,13.307,13.252,13.275,13.286,13.236,13.051,13.414,13.045,13.219,13.051,12.829,12.954,12.724,13.045,13.193,12.834,13.436
,5,,,14.414,14.435,,14.494,,,14.489,,,14.381,14.303,13.872,14.185,14.266,14.231,14.304,13.839,14.016,14.217,13.89,13.678,13.566,13.683,14.036,13.617,13.383,13.314,13.361,13.303,13.352,13.337,13.176,13.417,13.065,13.148,13.115,12.874,12.956,12.834,13.147,13.166,12.862,13.477
,6,,14.929,,,14.88,,14.262,14.406,,14.515,,14.359,14.407,13.958,14.254,14.22,14.295,14.325,13.877,14.139,14.263,14.044,13.806,13.722,13.645,14.075,13.594,13.324,13.265,13.403,13.325,13.447,13.458,13.169,13.404,13.126,13.142,13.138,13.039,12.839,12.772,13.316,13.195,12.917,13.537
,7,,,14.518,14.689,,14.467,,,14.533,,,14.42,14.497,13.976,14.282,14.348,14.381,14.364,14.007,14.188,14.304,14.089,13.761,13.846,13.875,14.092,13.631,13.452,13.301,13.51,13.411,13.478,13.499,13.173,13.477,13.202,13.243,13.18,13.079,12.881,12.75,13.282,13.202,13.024,13.52
,8,,14.968,,,14.993,,14.303,14.432,,14.688,,14.548,14.54,13.985,14.406,14.434,14.322,14.344,13.976,14.321,14.321,14.239,13.892,13.882,13.846,14.12,13.749,13.404,13.292,13.459,13.433,13.586,13.536,13.184,13.544,13.194,13.161,13.231,13.101,12.87,12.74,13.236,13.295,13.039,13.69
,9,,,14.594,14.619,,14.615,,,14.628,,,14.701,14.623,14.071,14.419,14.493,14.397,14.31,13.941,14.258,14.46,14.312,13.797,14.028,13.91,14.094,13.794,13.431,13.336,13.435,13.532,13.646,13.584,13.153,13.64,13.287,13.236,13.292,13.186,12.847,12.874,13.458,13.248,13.078,13.68
,10,,15.19,,,15.052,,14.387,14.455,,14.692,,14.755,14.663,14.141,14.481,14.507,14.476,14.263,13.915,14.238,14.465,14.24,13.938,14.063,13.925,14.126,13.842,13.503,13.431,13.217,13.586,13.73,13.603,13.177,13.691,13.404,13.398,13.254,13.387,12.896,12.87,13.383,13.216,13.179,13.68
,11,,,14.665,14.69,,14.648,,,14.795,,,14.819,14.66,14.205,14.509,14.523,14.515,14.336,13.95,14.257,14.467,14.265,14.139,14.088,13.885,14.219,13.917,13.55,13.491,13.227,13.744,13.777,13.695,13.212,13.749,13.474,13.475,13.363,13.493,12.994,12.892,13.389,13.317,13.218,13.749
,12,,15.327,,,15.141,,14.37,14.584,,14.771,,14.886,14.716,14.212,14.51,14.593,14.58,14.479,13.951,14.323,14.483,14.332,14.041,14.133,13.98,14.278,13.991,13.516,13.535,13.29,13.678,13.79,13.672,13.221,13.879,13.559,13.52,13.432,13.41,12.91,12.887,13.324,13.393,13.356,13.753
,13,,,14.771,14.649,,14.622,,,14.901,,14.826,14.921,14.685,14.348,14.543,14.623,14.595,14.518,14.095,14.417,14.568,14.347,13.97,14.055,14.163,14.285,14.075,13.656,13.424,13.367,13.747,13.857,13.728,13.331,13.883,13.609,13.456,13.504,13.57,12.874,13.013,13.339,13.438,13.361,13.788
,14,,15.352,,,15.138,,14.388,14.568,,14.732,14.854,14.997,14.74,14.346,14.631,14.765,14.617,14.619,14.025,14.336,14.672,14.407,13.908,14.095,14.236,14.395,14.148,13.62,13.44,13.444,13.78,14.008,13.76,13.403,13.84,13.625,13.514,13.573,13.499,12.851,13.059,13.462,13.546,13.426,13.797
,15,,,14.831,14.748,,14.916,,,14.991,,14.973,15.011,14.728,14.389,14.56,14.899,14.685,14.56,14.037,14.334,14.709,14.473,13.981,14.088,14.222,14.424,14.056,13.604,13.474,13.523,13.822,14.115,13.846,13.489,13.703,13.733,13.574,13.661,13.512,12.883,13.107,13.537,13.58,13.523,13.837
,16,,15.5,,,15.22,,14.411,14.71,,14.797,14.987,14.956,14.671,14.404,14.52,14.985,14.757,14.588,14.15,14.347,14.688,14.434,14.109,14.191,14.313,14.518,14.203,13.74,13.451,13.67,13.849,14.123,13.82,13.509,13.624,13.823,13.631,13.782,13.545,13.033,13.151,13.575,13.569,13.65,13.905
,17,,,14.957,14.998,,15.014,,,14.981,,15,15.012,14.741,14.468,14.614,15.109,14.807,14.69,14.22,14.42,14.732,14.402,14.211,14.249,14.366,14.584,14.077,13.809,13.445,13.712,13.865,14.094,13.812,13.482,13.599,13.912,13.715,13.765,13.58,13.058,13.147,13.633,13.697,13.821,13.93
,18,,15.517,,,15.227,,14.302,14.88,,14.943,15.051,15.08,14.899,14.458,14.658,15.138,14.895,14.668,14.237,14.565,14.801,14.388,14.315,14.318,14.372,14.638,14.139,13.711,13.307,13.776,13.922,14.162,13.826,13.506,13.655,13.88,13.727,13.778,13.644,13.119,13.166,13.639,13.762,13.775,14.059
,19,,,15.12,15.066,,15.052,,,15.159,,15.047,15.166,14.959,14.561,14.745,15.154,14.865,14.737,14.318,14.592,14.81,14.459,14.344,14.424,14.429,14.684,14.203,13.705,13.431,13.89,13.997,14.268,13.881,13.637,13.673,13.971,13.778,13.856,13.63,13.267,13.177,13.686,13.795,13.736,14.053
,20,,15.709,,,15.208,,14.505,14.906,,15.022,15.049,15.165,15.004,14.577,14.772,15.206,14.894,14.764,14.338,14.666,14.93,14.432,14.454,14.449,14.561,14.796,14.28,13.765,13.337,13.914,13.964,14.19,13.96,13.609,13.676,14.012,13.848,13.818,13.677,13.384,13.212,13.759,13.88,13.77,14.022
,21,,,15.141,15.055,,15.314,,,15.252,,15.113,15.265,14.977,14.635,14.83,15.175,14.948,14.793,14.256,14.637,14.897,14.37,14.475,14.539,14.657,14.739,14.233,13.705,13.317,13.951,14.07,14.168,13.94,13.59,13.782,14.032,13.855,13.752,13.737,13.402,13.215,13.82,13.898,13.761,14.122
,22,,15.679,,,15.283,,14.626,14.945,,15.299,15.09,15.288,15.018,14.642,14.906,15.324,14.933,14.801,14.373,14.686,14.936,14.386,14.456,14.575,14.674,14.555,14.237,13.764,13.472,14.014,14.189,14.251,13.889,13.669,13.89,13.981,13.987,13.86,13.704,13.496,13.217,13.805,13.933,13.841,14.12
,23,,,15.195,15.17,,15.396,,,15.214,,15.085,15.378,15.023,14.711,14.932,15.31,15.021,14.826,14.423,14.752,14.96,14.503,14.583,14.609,14.624,14.481,14.32,13.851,13.592,14.089,14.286,14.232,13.866,13.66,13.964,14.015,13.997,13.93,13.684,13.622,13.318,13.865,14.032,13.894,14.111
,24,,15.745,,,15.391,,14.703,15.036,,15.408,15.022,15.369,14.983,14.715,14.946,15.394,15.054,14.758,14.467,14.719,14.987,14.602,14.625,14.715,14.64,14.528,14.321,13.963,13.521,14.175,14.455,14.184,13.904,13.769,13.982,14.082,14.029,13.944,13.738,13.734,13.427,13.906,13.979,13.945,14.098
,25,,,15.209,15.244,,15.347,,,15.322,,15.02,15.38,15.021,14.789,14.905,15.447,15.089,14.802,14.598,14.756,15.107,14.622,14.728,14.585,14.668,14.585,14.217,13.981,13.546,14.226,14.468,14.166,13.991,13.745,13.914,14.222,14.131,13.968,13.751,13.781,13.433,13.89,14.051,13.97,13.996
,26,,15.686,,,15.547,,14.788,15.186,,15.55,15.115,15.373,15.194,14.742,15,15.515,15.141,14.76,14.405,14.789,15.185,14.599,14.778,14.65,14.744,14.583,14.321,13.892,13.658,14.189,14.525,14.133,14.089,13.767,13.962,14.204,14.209,13.92,13.819,13.717,13.352,13.939,14.053,13.982,14.057
,27,,,15.124,15.35,,15.401,,,15.241,,15.163,15.43,15.074,14.753,15.1,15.551,15.255,14.794,14.527,14.7,15.183,14.596,14.882,14.625,14.803,14.791,14.366,13.931,13.719,14.26,14.533,14.231,14.045,13.932,13.93,14.243,14.218,13.976,13.816,13.702,13.272,14.054,14.062,14.044,14.184
,28,,15.777,,,15.695,,14.821,15.313,,15.621,15.241,15.502,15.083,14.762,15.212,15.601,15.299,14.867,14.625,14.707,15.251,14.67,14.868,14.673,14.923,14.891,14.342,14.064,13.775,14.215,14.593,14.291,13.949,13.998,14.048,14.285,14.162,14.005,13.85,13.694,13.401,14.076,14.125,14.002,14.218
,29,,,15.258,15.503,,15.554,,,15.194,,15.278,15.364,15.17,14.744,15.182,15.548,15.359,14.96,14.532,14.81,15.375,14.745,14.906,14.718,14.878,14.771,14.337,14.097,13.856,14.218,14.609,14.336,14.041,13.968,14.035,14.312,14.139,13.991,13.904,13.636,13.45,14.051,14.226,14.003,14.343
,30,,15.912,,,15.755,,14.893,15.167,,15.787,15.362,15.319,15.257,14.813,15.188,15.507,15.4,14.956,14.653,14.872,15.425,14.837,14.98,14.764,14.951,14.811,14.28,14.136,13.801,14.276,14.519,14.38,14.111,13.999,14.036,14.281,14.132,14.047,13.895,13.713,13.563,14.041,14.276,14.117,14.487
,31,,,15.491,15.627,,15.68,,,15.206,,15.443,15.361,15.318,14.831,15.259,15.462,15.397,14.966,14.673,14.938,15.479,14.952,14.938,14.839,15.039,14.871,14.397,14.019,13.958,14.232,14.465,14.408,14.142,14.067,14.048,14.272,14.198,14.176,13.89,13.781,13.657,14.021,14.297,14.181,14.4
February,1,,15.857,,,15.836,,15.026,15.252,,15.81,15.56,15.386,15.351,14.852,15.419,15.449,15.409,15.054,14.706,15.013,15.512,14.947,14.991,14.908,15.187,14.946,14.36,14.031,14.081,14.222,14.563,14.502,14.209,14.117,14.11,14.378,14.241,14.246,13.926,13.861,13.764,14.086,14.318,14.208,14.391
,2,,,15.401,15.646,,15.737,,,15.331,,15.568,15.427,15.39,14.84,15.387,15.475,15.42,15.086,14.798,15.051,15.58,14.951,14.959,14.894,15.226,14.954,14.389,14.071,14.118,14.371,14.66,14.604,14.266,14.155,14.137,14.335,14.341,14.218,13.954,13.865,13.833,14.019,14.37,14.247,14.473
,3,,15.839,,,15.841,,15.107,15.298,,15.898,15.462,15.454,15.383,14.86,15.396,15.555,15.438,15.094,14.803,15.194,15.664,15.034,14.946,14.816,15.186,14.889,14.497,14.145,14.159,14.328,14.664,14.531,14.255,14.16,14.078,14.411,14.293,14.252,13.981,13.892,13.9,14.025,14.371,14.389,14.552
,4,,,15.639,15.663,,15.719,,,15.427,,15.479,15.378,15.36,14.779,15.396,15.51,15.429,15.139,14.818,15.287,15.663,14.986,15.094,14.874,15.204,14.876,14.515,14.128,14.176,14.306,14.711,14.507,14.309,14.158,14.11,14.484,14.291,14.269,14.025,13.864,13.929,14.026,14.341,14.27,14.553
,5,,15.831,,,15.85,,15.107,15.445,,15.877,15.413,15.482,15.38,14.855,15.365,15.52,15.479,15.259,14.873,15.303,15.658,14.978,15.122,14.867,15.185,14.905,14.53,14.107,14.28,14.254,14.835,14.58,14.317,14.157,14.169,14.405,14.363,14.232,14.071,13.87,13.976,14.093,14.466,14.269,14.511
,6,,,15.76,15.629,,15.695,,,15.546,,15.448,15.463,15.277,14.849,15.481,15.525,15.515,15.212,14.974,15.369,15.661,15.1,15.114,14.975,15.133,14.834,14.564,14.076,14.292,14.252,14.849,14.662,14.319,14.217,14.204,14.37,14.286,14.27,14.179,13.929,13.861,14.082,14.523,14.35,14.461
,7,,15.801,,,15.797,,15.08,15.441,,15.94,15.313,15.485,15.311,14.886,15.446,15.65,15.474,15.213,15.058,15.394,15.642,15.178,15.195,14.926,15.16,14.942,14.691,14.089,14.251,14.351,14.841,14.774,14.24,14.198,14.263,14.467,14.315,14.277,14.173,13.886,13.797,14.108,14.635,14.448,14.484
,8,,,15.888,15.541,,15.822,,,15.724,,15.309,15.515,15.369,14.955,15.424,15.707,15.521,15.251,15.164,15.418,15.62,15.203,15.168,14.999,15.207,14.975,14.692,14.171,14.228,14.351,14.855,14.856,14.322,14.319,14.356,14.592,14.254,14.407,14.286,13.916,13.831,14.172,14.641,14.461,14.472
,9,,15.99,,,15.829,,14.988,15.549,,15.934,15.276,15.577,15.404,15.018,15.43,15.778,15.46,15.238,15.191,15.377,15.572,15.279,15.195,14.985,15.255,14.996,14.787,14.259,14.335,14.375,14.9,14.879,14.441,14.221,14.325,14.625,14.363,14.455,14.258,13.905,13.772,14.251,14.666,14.442,14.445
,10,,,15.895,15.44,,15.791,,,15.802,,15.304,15.594,15.598,15.066,15.358,15.933,15.525,15.19,15.224,15.452,15.581,15.297,15.138,15.09,15.209,15.003,14.827,14.296,14.347,14.442,14.93,14.853,14.365,14.265,14.353,14.614,14.307,14.468,14.118,13.906,13.791,14.254,14.673,14.44,14.365
,11,,16.099,,,15.748,,15.181,15.447,,15.9,15.292,15.473,15.627,15.12,15.318,15.796,15.539,15.197,15.174,15.461,15.57,15.315,15.112,15.215,15.31,15.057,14.862,14.278,14.381,14.477,14.967,14.772,14.394,14.284,14.456,14.611,14.174,14.407,14.07,13.873,13.809,14.295,14.612,14.568,14.385
,12,,,15.97,15.474,,15.999,,,15.845,,15.326,15.383,15.527,15.169,15.367,15.726,15.541,15.281,15.119,15.418,15.592,15.336,15.097,15.197,15.228,15.078,14.947,14.302,14.444,14.476,14.976,14.762,14.515,14.302,14.546,14.697,14.218,14.434,14.146,13.916,13.844,14.32,14.55,14.512,14.43
,13,,16.289,,,15.854,,15.178,15.448,,15.952,15.332,15.424,15.433,15.28,15.382,15.744,15.549,15.194,15.088,15.499,15.676,15.377,15.009,15.121,15.303,15.142,15.021,14.332,14.495,14.563,14.921,14.845,14.556,14.404,14.585,14.729,14.284,14.443,14.198,14.052,13.865,14.471,14.502,14.47,14.484
,14,,,16.017,15.482,,16.056,,,15.724,,15.363,15.465,15.433,15.347,15.449,15.634,15.579,15.173,15.162,15.509,15.697,15.395,14.991,15.173,15.364,15.139,15.024,14.405,14.437,14.538,14.829,14.848,14.652,14.379,14.663,14.764,14.365,14.496,14.19,14.153,13.831,14.513,14.577,14.497,14.633
,15,,16.323,,,15.857,,15.335,15.554,,15.977,15.379,15.503,15.445,15.372,15.466,15.652,15.492,15.173,15.235,15.574,15.629,15.414,15.01,15.293,15.384,15.212,15.034,14.456,14.378,14.631,14.735,14.882,14.685,14.493,14.697,14.771,14.396,14.517,14.279,14.186,13.875,14.419,14.645,14.583,14.6
,16,,,16.095,15.575,,15.971,,,15.836,,15.476,15.368,15.539,15.388,15.567,15.637,15.507,15.181,15.087,15.649,15.648,15.365,14.991,15.34,15.413,15.306,15.029,14.515,14.39,14.495,14.774,14.901,14.715,14.493,14.678,14.816,14.451,14.437,14.237,14.335,13.902,14.448,14.667,14.547,14.624
,17,,16.343,,,16.058,,15.427,15.473,,16.169,15.443,15.314,15.612,15.412,15.561,15.763,15.549,15.266,15.157,15.65,15.704,15.373,15,15.381,15.475,15.345,15.037,14.467,14.486,14.563,14.889,14.982,14.823,14.476,14.675,14.918,14.446,14.358,14.182,14.271,13.954,14.462,14.665,14.375,14.701
,18,,,16.095,15.592,,16.056,,,15.949,,15.471,15.396,15.64,15.417,15.518,15.82,15.581,15.228,15.272,15.635,15.846,15.419,15.06,15.315,15.526,15.354,15.028,14.415,14.42,14.552,14.881,14.969,14.853,14.49,14.71,14.833,14.381,14.347,14.137,14.311,13.968,14.553,14.598,14.314,14.721
,19,,16.291,,,16.087,,15.47,15.368,,16.136,15.546,15.455,15.658,15.499,15.532,15.798,15.624,15.267,15.319,15.5,15.841,15.473,15.132,15.403,15.534,15.359,15.088,14.427,14.277,14.601,14.929,14.851,14.775,14.489,14.677,14.802,14.5,14.371,14.161,14.329,14.009,14.596,14.623,14.324,14.712
,20,,,16.17,15.731,,16.167,,,15.913,,15.639,15.469,15.753,15.56,15.508,15.819,15.701,15.245,15.455,15.481,15.904,15.49,15.156,15.337,15.488,15.386,15.082,14.469,14.286,14.74,14.927,14.872,14.729,14.467,14.697,14.798,14.56,14.41,14.193,14.305,14.065,14.678,14.715,14.297,14.729
,21,,16.26,,,16.094,,15.456,15.498,,16.293,15.73,15.467,15.678,15.467,15.523,15.799,15.77,15.264,15.484,15.538,15.94,15.481,15.194,15.342,15.549,15.461,15.147,14.454,14.34,14.627,15.06,14.882,14.733,14.477,14.709,14.828,14.594,14.534,14.2,14.322,14.109,14.709,14.848,14.291,14.933
,22,,,16.066,15.654,,16.238,,,15.966,,15.831,15.534,15.681,15.459,15.574,15.885,15.738,15.21,15.398,15.533,15.925,15.456,15.244,15.352,15.586,15.443,15.165,14.431,14.378,14.679,15.197,14.8,14.84,14.47,14.729,14.8,14.602,14.554,14.151,14.403,14.177,14.708,14.936,14.328,14.923
,23,,16.401,,,16.143,,15.467,15.447,,16.275,16.015,15.571,15.705,15.596,15.535,15.874,15.686,15.227,15.406,15.466,15.985,15.463,15.234,15.355,15.483,15.438,15.15,14.541,14.342,14.712,15.213,14.811,14.875,14.571,14.797,14.82,14.562,14.505,14.195,14.404,14.228,14.699,14.761,14.34,14.882
,24,,,16.087,15.706,,16.28,,,16.008,,15.906,15.638,15.79,15.575,15.53,15.749,15.682,15.352,15.386,15.496,15.982,15.44,15.343,15.476,15.396,15.439,15.169,14.592,14.284,14.76,15.233,14.809,14.812,14.49,14.786,14.987,14.573,14.5,14.316,14.376,14.134,14.652,14.711,14.278,14.757
,25,,16.579,,,16.31,,15.534,15.568,,16.276,15.836,15.664,15.842,15.647,15.494,15.553,15.613,15.358,15.301,15.447,16.07,15.468,15.252,15.497,15.39,15.41,15.144,14.652,14.335,14.717,15.262,14.847,14.803,14.466,14.817,15.086,14.566,14.492,14.358,14.337,14.172,14.573,14.695,14.275,14.881
,26,,,16.069,15.667,,16.352,,,15.934,,15.962,15.655,15.938,15.586,15.53,15.525,15.592,15.296,15.234,15.41,16.032,15.507,15.235,15.532,15.396,15.506,15.169,14.737,14.347,14.65,15.242,14.991,14.767,14.517,14.854,15.11,14.656,14.49,14.404,14.3,14.187,14.611,14.763,14.348,14.746
,27,,16.551,,,16.325,,15.561,15.732,,16.265,16.017,15.68,16.022,15.6,15.496,15.611,15.641,15.301,15.2,15.469,15.904,15.523,15.346,15.62,15.387,15.495,15.185,14.815,14.39,14.676,15.354,15.039,14.789,14.47,14.853,15.09,14.651,14.419,14.426,14.286,14.166,14.606,14.855,14.404,14.678
,28,,,16.22,15.657,,16.203,,,15.983,,16.111,15.655,16.044,15.529,15.532,15.711,15.679,15.37,15.218,15.635,15.785,15.402,15.394,15.629,15.422,15.518,15.187,14.779,14.422,14.662,15.243,15.112,14.921,14.46,14.997,15.118,14.659,14.41,14.524,14.291,14.334,14.594,14.91,14.633,14.671
,29,,,,,,,15.567,,,,16.111,,,,15.417,,,,15.186,,,,15.381,,,,15.197,,,,15.21,,,,15.016,,,,14.541,,,,14.985,,
March,1,,16.635,16.157,,16.234,,,15.791,,16.059,16.129,15.557,16.021,15.488,15.487,15.754,15.675,15.344,15.23,15.578,15.786,15.26,15.446,15.637,15.397,15.555,15.104,14.874,14.434,14.682,15.27,15.168,14.914,14.472,15.133,15.144,14.629,14.533,14.427,14.341,14.336,14.546,15.001,14.647,14.693
,2,,,,15.628,,16.049,15.431,,16.02,,16.162,15.607,16.058,15.509,15.516,15.825,15.765,15.318,15.232,15.617,15.738,15.171,15.428,15.64,15.444,15.61,15.068,14.926,14.471,14.672,15.222,15.195,15.019,14.44,15.196,15.088,14.658,14.421,14.418,14.332,14.293,14.595,14.966,14.741,14.765
,3,,16.457,16.248,,16.293,,,15.698,,15.874,16.179,15.686,16.066,15.422,15.44,15.839,15.729,15.271,15.277,15.406,15.741,15.182,15.498,15.705,15.441,15.616,15.052,14.84,14.445,14.742,15.197,15.126,15.037,14.545,15.212,15.003,14.688,14.446,14.354,14.395,14.25,14.622,15.039,14.776,14.703
,4,,,,15.726,,15.958,15.483,,16.023,,16.099,15.72,16.084,15.326,15.402,15.764,15.735,15.326,15.245,15.353,15.711,15.217,15.425,15.742,15.404,15.524,15.004,14.851,14.473,14.714,15.195,15.067,15.14,14.554,15.298,14.999,14.72,14.372,14.312,14.404,14.23,14.65,15.071,14.801,14.748
,5,,16.568,16.302,,16.315,,,15.706,,15.936,16.137,15.689,16.06,15.352,15.39,15.882,15.711,15.296,15.284,15.333,15.702,15.327,15.397,15.637,15.359,15.472,15.04,14.9,14.535,14.66,15.233,15.123,15.233,14.646,15.263,15.001,14.811,14.263,14.322,14.449,14.186,14.643,15.012,14.746,14.762
,6,,,,15.646,,15.971,15.554,,16.031,,16.169,15.766,16.001,15.437,15.399,15.888,15.658,15.359,15.326,15.379,15.74,15.234,15.444,15.57,15.427,15.44,15.117,14.903,14.56,14.653,15.235,15.162,15.216,14.673,15.211,15,14.804,14.354,14.348,14.417,14.13,14.656,14.938,14.725,14.756
,7,,16.547,16.289,,16.309,,,15.681,,15.78,16.24,15.646,15.961,15.39,15.424,15.878,15.634,15.3,15.334,15.372,15.753,15.178,15.339,15.538,15.421,15.443,15.157,14.906,14.52,14.642,15.197,15.076,15.165,14.704,15.187,15.055,14.773,14.313,14.404,14.365,14.177,14.719,14.887,14.727,14.77
,8,,,,15.644,,16.101,15.57,,16.084,,16.247,15.564,15.992,15.51,15.48,15.914,15.601,15.333,15.337,15.361,15.785,15.257,15.278,15.554,15.555,15.438,15.161,14.935,14.591,14.644,15.262,14.955,15.148,14.654,15.169,15.075,14.559,14.271,14.397,14.326,14.241,14.772,14.951,14.711,14.772
,9,,16.536,16.168,,16.123,,,15.575,,15.713,16.244,15.442,16.083,15.487,15.527,15.929,15.491,15.352,15.259,15.323,15.835,15.33,15.325,15.593,15.624,15.381,15.269,14.993,14.672,14.796,15.352,14.878,15.1,14.656,15.2,15.089,14.616,14.26,14.39,14.331,14.292,14.801,14.981,14.768,14.744
,10,,,,15.733,,16.172,15.587,,16.158,,16.309,15.388,16.095,15.472,15.525,15.906,15.502,15.239,15.273,15.342,15.791,15.343,15.308,15.604,15.536,15.326,15.3,14.891,14.756,14.842,15.251,14.833,15.113,14.578,15.17,15.067,14.617,14.308,14.354,14.31,14.306,14.772,14.989,14.818,14.694
,11,,16.513,16.04,,16.099,,,15.614,,15.778,16.296,15.409,16.167,15.454,15.546,15.985,15.55,15.203,15.214,15.386,15.755,15.384,15.299,15.581,15.611,15.347,15.191,14.95,14.777,14.808,15.268,14.894,15.072,14.553,15.168,15.172,14.711,14.34,14.408,14.394,14.319,14.896,14.995,14.865,14.61
,12,,,,15.657,,16.349,15.58,,16.14,,16.276,15.295,16.249,15.436,15.576,15.965,15.521,15.138,15.202,15.408,15.704,15.381,15.342,15.573,15.511,15.32,15.085,14.992,14.617,14.733,15.305,14.861,15.098,14.542,15.167,15.151,14.816,14.364,14.379,14.369,14.395,14.797,14.999,14.743,14.615
,13,,16.414,15.966,,16.005,,,15.914,,15.844,16.182,15.367,16.2,15.459,15.521,16.048,15.559,15.182,15.214,15.519,15.681,15.425,15.365,15.557,15.572,15.278,14.854,14.893,14.521,14.632,15.305,14.884,15.122,14.592,15.069,15.181,14.929,14.353,14.432,14.374,14.418,14.818,14.879,14.658,14.577
,14,,,,15.801,,16.412,15.676,,16.018,,16.013,15.385,16.173,15.501,15.493,16.031,15.589,15.12,15.169,15.488,15.639,15.301,15.199,15.689,15.611,15.331,14.89,14.761,14.471,14.609,15.204,14.959,15.104,14.619,15.078,15.196,14.889,14.337,14.375,14.421,14.499,14.76,14.855,14.6,14.525
,15,,16.31,15.994,,15.955,,,16.094,,15.902,15.983,15.413,16.059,15.472,15.476,15.865,15.607,15.124,15.188,15.505,15.681,15.303,15.13,15.667,15.576,15.4,14.908,14.708,14.404,14.485,15.194,14.939,15.1,14.602,15.266,15.136,14.923,14.387,14.518,14.396,14.482,14.716,14.977,14.617,14.478
,16,,,,15.771,,16.214,15.764,,16.02,,15.96,15.338,15.98,15.521,15.422,15.835,15.562,15.191,15.118,15.504,15.565,15.38,15.133,15.702,15.489,15.433,14.944,14.712,14.374,14.502,15.126,14.942,15.142,14.676,15.29,15.129,14.937,14.404,14.47,14.317,14.461,14.694,14.929,14.74,14.469
,17,,16.467,15.988,,15.905,,,16.163,,15.886,15.847,15.295,15.859,15.48,15.371,15.86,15.498,15.243,15.07,15.567,15.562,15.392,15.155,15.645,15.402,15.485,15.013,14.73,14.336,14.596,15.141,15.015,15.173,14.673,15.294,15.137,14.957,14.31,14.464,14.28,14.464,14.659,14.893,14.768,14.469
,18,,,,15.528,,16.069,15.809,,15.941,,15.871,15.308,15.739,15.499,15.406,15.784,15.475,15.206,15.021,15.597,15.602,15.355,15.113,15.652,15.396,15.561,14.943,14.642,14.394,14.561,15.135,14.968,15.171,14.606,15.307,15.09,14.973,14.315,14.469,14.257,14.381,14.556,14.854,14.775,14.458
,19,,16.505,16.005,,15.938,,,16.059,,15.75,15.835,15.4,15.715,15.536,15.461,15.635,15.45,15.167,14.997,15.6,15.577,15.452,15.087,15.604,15.346,15.56,14.941,14.556,14.397,14.446,15.14,14.959,15.134,14.504,15.29,15.119,14.936,14.372,14.451,14.193,14.33,14.531,14.807,14.748,14.483
,20,,,,15.621,,16.212,15.78,,15.791,,15.815,15.431,15.627,15.448,15.505,15.656,15.368,15.251,15.007,15.684,15.621,15.419,15.096,15.472,15.312,15.629,14.955,14.475,14.457,14.364,15.167,14.962,15.122,14.458,15.291,15.037,15.007,14.332,14.463,14.231,14.233,14.694,14.8,14.728,14.578
,21,,16.349,15.946,,15.911,,,16.044,,15.78,15.758,15.464,15.683,15.379,15.512,15.734,15.399,15.288,15.047,15.66,15.438,15.485,15.028,15.39,15.282,15.627,14.954,14.442,14.414,14.406,15.175,15.004,15.129,14.438,15.218,15.013,14.949,14.356,14.546,14.227,14.243,14.618,14.702,14.743,14.548
,22,,,,15.535,,16.057,15.614,,15.772,,15.861,15.397,15.734,15.361,15.547,15.732,15.399,15.3,15.086,15.556,15.405,15.472,15.025,15.383,15.211,15.599,14.844,14.435,14.346,14.493,15.184,15.052,15.058,14.423,15.204,14.97,14.785,14.433,14.566,14.171,14.318,14.597,14.547,14.65,14.464
,23,,16.279,15.945,,15.898,,,16.063,,15.778,15.781,15.362,15.771,15.27,15.535,15.776,15.502,15.271,14.998,15.645,15.355,15.515,15.034,15.441,15.265,15.511,14.824,14.434,14.22,14.407,15.165,15.073,15.052,14.501,15.165,14.924,14.754,14.513,14.509,14.15,14.271,14.486,14.461,14.585,14.374
,24,,,,15.559,,15.976,15.479,,15.74,,15.743,15.329,15.74,15.325,15.56,15.775,15.543,15.256,14.966,15.623,15.363,15.538,15.146,15.443,15.224,15.603,14.882,14.437,14.206,14.399,15.113,15.027,15.179,14.483,15.157,14.866,14.7,14.388,14.444,14.12,14.246,14.451,14.385,14.528,14.41
,25,,16.264,15.923,,15.929,,,16.027,,15.708,15.702,15.283,15.609,15.388,15.57,15.719,15.494,15.217,14.895,15.63,15.356,15.561,15.046,15.467,15.183,15.587,14.958,14.432,14.212,14.368,15.133,15.022,15.118,14.449,15.107,14.884,14.716,14.444,14.447,14.123,14.201,14.382,14.369,14.552,14.592
,26,,,,15.626,,15.964,15.486,,15.672,,15.748,15.235,15.564,15.371,15.569,15.754,15.523,15.193,14.925,15.554,15.423,15.555,15.082,15.415,15.114,15.604,15.048,14.41,14.257,14.414,15.135,14.981,15.174,14.475,15.166,14.962,14.715,14.495,14.419,14.197,14.209,14.33,14.272,14.555,14.616
,27,,16.06,15.986,,15.875,,,16.019,,15.754,15.737,15.238,15.479,15.221,15.554,15.699,15.553,15.261,14.916,15.324,15.45,15.541,15.079,15.318,15.173,15.578,15.016,14.393,14.251,14.387,15.081,14.954,15.149,14.475,15.152,14.935,14.653,14.442,14.427,14.199,14.274,14.331,14.326,14.604,14.584
,28,,,,15.517,,15.926,15.504,,15.589,,15.676,15.302,15.483,15.221,15.543,15.67,15.555,15.289,14.976,15.24,15.445,15.544,15.146,15.271,15.126,15.499,14.83,14.422,14.249,14.281,15.051,14.906,15.147,14.431,15.16,14.902,14.638,14.34,14.351,14.211,14.309,14.308,14.194,14.464,14.597
,29,,15.763,15.891,,15.931,,,15.957,,15.804,15.63,15.277,15.526,15.282,15.401,15.74,15.551,15.304,15.006,15.282,15.506,15.599,15.218,15.182,14.991,15.474,14.793,14.509,14.243,14.326,14.988,14.881,15.248,14.451,15.193,14.948,14.497,14.343,14.23,14.256,14.235,14.227,14.197,14.405,14.503
,30,,,,15.481,,15.849,15.446,,15.643,,15.522,15.281,15.54,15.432,15.41,15.736,15.485,15.339,15.016,15.333,15.381,15.627,15.219,15.185,14.931,15.426,14.784,14.508,14.214,14.277,15.041,14.864,15.31,14.521,15.14,14.889,14.538,14.385,14.155,14.253,14.239,14.096,14.201,14.318,14.444
,31,,15.804,15.813,,15.982,,,15.77,,15.709,15.523,15.248,15.551,15.451,15.347,15.63,15.478,15.384,14.979,15.324,15.45,15.6,15.14,15.149,14.882,15.375,14.841,14.425,14.233,14.264,15.081,14.762,15.351,14.548,15.163,14.831,14.585,14.292,14.149,14.183,14.257,14.06,14.153,14.299,14.36
April,1,,,,15.44,,15.886,15.389,,15.636,,15.523,15.116,15.533,15.482,15.311,15.598,15.47,15.219,14.827,15.206,15.37,15.486,15.122,15.105,14.885,15.232,14.742,14.398,14.22,14.267,14.989,14.73,15.279,14.529,15.107,14.787,14.541,14.241,14.117,14.164,14.196,14.014,14.108,14.304,14.371
,2,,15.66,15.681,,15.945,,,15.58,,15.626,15.562,14.993,15.483,15.463,15.222,15.527,15.357,15.118,14.7,15.216,15.434,15.44,15.078,15.167,14.72,15.081,14.735,14.314,14.297,14.277,14.931,14.728,15.229,14.557,15.077,14.768,14.541,14.25,14.114,14.165,14.119,14.013,14.127,14.265,14.383
,3,,,,15.221,,15.914,15.335,,15.629,,15.598,14.933,15.551,15.41,15.135,15.466,15.307,15.108,14.63,15.174,15.436,15.461,15.046,15.161,14.694,15.019,14.68,14.414,14.211,14.186,14.901,14.779,15.149,14.423,15.117,14.722,14.475,14.174,14.044,14.219,14.02,13.966,14.073,14.221,14.353
,4,,15.641,15.664,,15.943,,,15.576,,15.506,15.601,15.029,15.524,15.363,15.108,15.398,15.241,14.977,14.534,15.077,15.465,15.423,14.995,15.089,14.649,15.045,14.682,14.396,14.121,14.225,14.794,14.818,15.122,14.33,15.065,14.647,14.573,14.089,14.053,14.205,14.045,13.889,14.008,14.19,14.438
,5,,,,15.224,,15.734,15.268,,15.427,,15.534,15.012,15.455,15.372,15.013,15.38,15.146,14.906,14.476,15.062,15.376,15.494,15.039,15.113,14.609,14.965,14.669,14.43,14.251,14.242,14.747,14.753,15.053,14.4,14.942,14.616,14.61,14.122,14.025,14.119,13.972,13.767,13.897,14.095,14.387
,6,,15.695,15.707,,15.859,,,15.535,,15.539,15.514,14.968,15.402,15.355,14.935,15.381,15.142,14.937,14.404,15.093,15.34,15.46,15.018,15.101,14.609,15.021,14.595,14.369,14.25,14.186,14.722,14.684,15.054,14.35,14.919,14.743,14.547,14.042,13.995,14.013,13.939,13.627,13.907,14.095,14.332
,7,,,,15.242,,15.706,15.16,,15.302,,15.536,14.857,15.393,15.278,14.93,15.396,15.095,14.923,14.373,15.154,15.268,15.435,14.815,15.084,14.585,14.868,14.504,14.342,14.149,14.123,14.814,14.732,14.995,14.397,14.803,14.673,14.479,13.989,14.028,14.051,13.877,13.539,13.871,14.069,14.344
,8,,15.794,15.653,,15.581,,,15.459,,15.541,15.49,14.772,15.275,15.265,14.884,15.348,15.076,14.871,14.343,15.072,15.269,15.367,14.798,15.056,14.543,14.889,14.461,14.345,14.068,14.141,14.842,14.668,14.978,14.254,14.853,14.623,14.47,13.992,13.952,13.964,13.919,13.565,13.711,13.962,14.434
,9,,,,15.202,,15.528,15.321,,15.292,,15.489,14.724,15.037,15.196,14.809,15.257,15.088,14.71,14.35,14.92,15.29,15.376,14.871,15.093,14.481,14.817,14.421,14.279,13.947,14.074,14.755,14.667,14.967,14.22,14.796,14.622,14.464,14.029,13.838,13.926,13.903,13.554,13.733,13.991,14.399
,10,,15.761,15.644,,15.577,,,15.445,,15.573,15.447,14.656,14.897,15.116,14.736,15.286,15.116,14.686,14.359,14.786,15.175,15.261,14.867,15.1,14.428,14.784,14.325,14.194,13.986,14.028,14.773,14.638,14.882,14.241,14.786,14.593,14.348,14.054,13.836,13.936,13.852,13.547,13.739,13.807,14.332
,11,,,,15.135,,15.574,15.287,,15.182,,15.341,14.648,14.85,14.983,14.747,15.319,15.052,14.593,14.324,14.734,15.029,15.269,14.698,15.236,14.321,14.726,14.119,14.248,13.948,13.93,14.678,14.61,14.805,14.26,14.705,14.576,14.358,14.089,13.772,13.931,13.889,13.515,13.696,13.792,14.202
,12,,15.655,15.652,,15.491,,,15.524,,15.408,15.273,14.591,14.743,14.939,14.719,15.296,14.997,14.596,14.299,14.606,14.979,15.275,14.549,15.109,14.336,14.695,13.948,14.206,13.92,13.878,14.616,14.653,14.751,14.261,14.687,14.542,14.171,14.068,13.85,13.92,13.827,13.462,13.739,13.808,14.109
,13,,,,15.11,,15.317,15.107,,15.13,,15.193,14.516,14.664,14.891,14.708,15.273,15.004,14.536,14.268,14.617,14.962,15.392,14.626,15.096,14.379,14.635,13.883,14.142,13.958,13.909,14.498,14.561,14.704,14.232,14.655,14.497,14.174,14.017,13.826,13.803,13.833,13.5,13.738,13.81,14.099
,14,,15.5,15.523,,15.627,,,15.432,,15.374,15.179,14.349,14.673,14.899,14.689,15.248,14.962,14.458,14.245,14.527,14.942,15.3,14.551,14.976,14.381,14.523,13.9,14.142,13.912,13.806,14.487,14.521,14.694,14.264,14.657,14.397,14.202,14.035,13.825,13.683,13.76,13.49,13.757,13.729,14.081
,15,,,,15.086,,15.145,15.085,,15.019,,15.164,14.37,14.627,14.85,14.709,15.19,14.89,14.483,14.213,14.5,14.869,15.263,14.477,14.87,14.36,14.531,13.861,14.038,13.952,13.777,14.411,14.561,14.621,14.232,14.679,14.346,14.147,13.986,13.813,13.693,13.728,13.431,13.646,13.786,14.078
,16,,15.454,15.509,,15.528,,,15.511,,15.414,15.152,14.265,14.566,14.787,14.652,15.182,14.839,14.34,14.16,14.43,14.824,15.185,14.44,14.809,14.369,14.565,13.821,14.009,13.999,13.722,14.268,14.517,14.589,14.157,14.731,14.345,14.039,13.964,13.767,13.654,13.648,13.394,13.58,13.847,14.023
,17,,,,14.983,,15.063,15.037,,15.008,,15.107,14.239,14.384,14.81,14.677,15.168,14.78,14.325,14.128,14.334,14.862,15.163,14.274,14.78,14.329,14.475,13.768,14.013,14.013,13.772,14.305,14.434,14.581,14.138,14.663,14.245,13.945,13.895,13.783,13.736,13.666,13.328,13.489,13.849,13.961
,18,,15.51,15.39,,15.448,,,15.454,,15.247,15.031,14.064,14.303,14.753,14.622,15.079,14.792,14.337,14.126,14.301,14.826,15.111,14.246,14.806,14.265,14.345,13.715,14.003,13.913,13.751,14.178,14.41,14.527,14.077,14.613,14.164,13.837,13.898,13.672,13.682,13.652,13.254,13.491,13.787,13.895
,19,,,,14.95,,14.839,14.973,,14.872,,15.062,14.004,14.247,14.635,14.607,15.015,14.754,14.35,14.109,14.271,14.746,14.947,14.246,14.769,14.184,14.332,13.778,13.965,13.967,13.755,14.107,14.402,14.499,14.035,14.579,14.181,13.797,13.897,13.583,13.657,13.589,13.214,13.575,13.641,13.911
,20,,15.343,15.376,,15.387,,,15.252,,15.151,15.037,13.996,14.364,14.63,14.595,14.957,14.776,14.261,14.071,14.245,14.685,14.753,14.317,14.745,14.223,14.276,13.767,14.023,13.945,13.784,14.063,14.479,14.492,13.953,14.603,14.124,13.814,13.881,13.591,13.625,13.562,13.23,13.546,13.564,13.893
,21,,,,14.92,,14.819,14.897,,14.858,,14.91,13.959,14.322,14.62,14.563,15.032,14.773,14.231,14.106,14.243,14.619,14.72,14.36,14.711,14.183,14.232,13.682,14.016,13.853,13.719,13.979,14.438,14.451,13.959,14.597,14.123,13.802,13.992,13.588,13.561,13.534,13.262,13.546,13.494,13.824
,22,,15.255,15.406,,15.276,,,15.226,,14.991,14.917,13.963,14.268,14.606,14.606,14.88,14.65,14.161,14.102,14.207,14.594,14.746,14.29,14.711,14.15,14.235,13.649,13.954,13.875,13.663,13.995,14.435,14.443,13.929,14.523,14.054,13.762,13.951,13.493,13.467,13.414,13.221,13.528,13.578,13.84
,23,,,,14.844,,14.695,14.699,,14.703,,14.829,13.929,14.212,14.583,14.571,14.802,14.634,14.06,14.097,14.186,14.535,14.704,14.409,14.71,14.097,14.292,13.556,13.88,13.819,13.682,13.937,14.309,14.42,13.926,14.501,14.065,13.797,13.827,13.442,13.436,13.449,13.279,13.428,13.512,13.8
,24,,15.224,15.259,,15.135,,,15.225,,14.869,14.62,13.898,14.162,14.519,14.463,14.837,14.632,14.006,14.093,14.145,14.477,14.767,14.388,14.599,14.054,14.15,13.554,13.927,13.7,13.615,13.879,14.268,14.343,13.896,14.455,13.988,13.804,13.628,13.37,13.469,13.465,13.254,13.388,13.537,13.797
,25,,,,14.714,,14.553,14.678,,14.681,,14.617,13.794,14.051,14.478,14.351,14.758,14.618,13.984,13.991,14.18,14.477,14.714,14.339,14.574,14.075,14.122,13.577,13.908,13.684,13.542,13.807,14.279,14.261,13.765,14.39,13.897,13.711,13.581,13.327,13.454,13.42,13.307,13.244,13.467,13.755
,26,,15.141,15.117,,15.105,,,15.109,,14.742,14.584,13.754,14.04,14.418,14.303,14.717,14.635,13.951,13.969,14.145,14.416,14.686,14.205,14.515,13.945,13.969,13.5,13.795,13.619,13.486,13.845,14.278,14.223,13.78,14.272,13.784,13.738,13.535,13.277,13.477,13.446,13.179,13.182,13.535,13.713
,27,,,,14.564,,14.442,14.608,,14.629,,14.637,13.679,13.981,14.34,14.297,14.509,14.578,13.925,13.916,14.157,14.415,14.603,14.263,14.496,13.867,13.994,13.52,13.782,13.527,13.439,13.848,14.185,14.292,13.727,14.164,13.793,13.671,13.466,13.221,13.452,13.399,13.103,13.213,13.546,13.707
,28,,15.108,14.996,,15.091,,,15.065,,14.629,14.635,13.627,13.85,14.249,14.198,14.391,14.519,13.882,13.885,14.152,14.395,14.631,14.176,14.458,13.768,13.919,13.443,13.737,13.401,13.471,13.811,14.123,14.177,13.709,14.091,13.744,13.624,13.405,13.186,13.415,13.257,13.08,13.238,13.526,13.648
,29,,,,14.514,,14.366,14.373,,14.514,,14.578,13.577,13.798,14.273,14.121,14.341,14.418,13.814,13.759,14.118,14.381,14.572,14.096,14.364,13.79,13.827,13.43,13.725,13.361,13.482,13.783,14.128,14.147,13.636,13.94,13.683,13.637,13.362,13.117,13.394,13.25,13.033,13.225,13.494,13.589
,30,,14.961,14.859,,14.997,,,14.955,,14.553,14.54,13.57,13.847,14.229,14.026,14.285,14.3,13.71,13.619,14.033,14.302,14.513,14.146,14.302,13.704,13.798,13.335,13.701,13.31,13.424,13.795,14.081,14.034,13.597,13.803,13.62,13.558,13.336,12.933,13.333,13.252,13.016,13.222,13.455,13.555
May,1,,,,14.272,,14.045,14.194,,14.275,,14.362,13.363,13.621,14.068,13.867,14.172,14.126,13.556,13.547,13.906,14.157,14.35,13.943,14.287,13.527,13.71,13.203,13.581,13.087,13.367,13.649,13.956,13.88,13.414,13.596,13.477,13.35,13.142,12.746,13.14,13.054,12.862,13.091,13.279,13.357
,2,,14.626,14.718,,14.786,,,14.714,,14.292,14.318,13.342,13.587,14.01,13.801,14.134,14.187,13.539,13.541,13.877,14.168,14.321,13.891,14.299,13.508,13.549,13.113,13.464,13.002,13.295,13.651,13.901,13.821,13.388,13.584,13.478,13.262,13.112,12.689,13.136,13.012,12.812,13.077,13.226,13.28
,3,,,,14.285,,13.929,14.009,,14.12,,14.298,13.369,13.571,13.944,13.657,14.028,14.147,13.54,13.539,13.829,14.184,14.342,13.809,14.235,13.481,13.551,13.129,13.397,12.923,13.291,13.593,13.857,13.7,13.269,13.562,13.422,13.2,13.098,12.717,13.141,12.941,12.807,13.054,13.142,13.26
,4,,14.498,14.549,,14.679,,,14.655,,14.241,14.234,13.319,13.563,13.945,13.566,14.036,14.099,13.515,13.516,13.862,14.142,14.306,13.737,14.178,13.482,13.481,13.128,13.314,12.876,13.271,13.586,13.863,13.641,13.21,13.491,13.435,13.18,13.134,12.622,13.069,12.841,12.662,12.995,13.054,13.21
,5,,,,14.249,,13.935,13.976,,13.925,,14.159,13.252,13.6,13.862,13.53,13.955,14.105,13.449,13.49,13.791,14.091,14.26,13.74,14.109,13.384,13.412,13.019,13.264,12.835,13.209,13.576,13.78,13.549,13.218,13.477,13.349,13.125,13.078,12.652,13.08,12.769,12.554,13.038,13,13.237
,6,,14.45,14.412,,14.511,,,14.56,,14.118,14.112,13.25,13.614,13.815,13.536,13.902,14.123,13.437,13.43,13.794,14.064,14.159,13.616,14.043,13.341,13.358,12.97,13.247,12.841,13.171,13.494,13.763,13.54,13.213,13.461,13.353,13.046,12.995,12.552,13.1,12.647,12.543,12.923,12.991,13.211
,7,,,,14.077,,13.787,13.907,,13.81,,14.057,13.24,13.609,13.801,13.502,13.862,14.028,13.419,13.312,13.688,14.051,14.141,13.642,14.007,13.346,13.306,12.901,13.211,12.783,13.139,13.491,13.693,13.47,13.179,13.442,13.373,13.054,12.882,12.529,12.994,12.57,12.576,12.802,12.943,13.263
,8,,14.325,14.32,,14.319,,,14.394,,13.996,14.02,13.247,13.556,13.756,13.521,13.872,13.941,13.404,13.329,13.556,14.096,14.111,13.586,14.032,13.321,13.265,12.781,13.205,12.765,13.123,13.436,13.683,13.415,13.101,13.375,13.304,12.978,12.812,12.386,12.955,12.58,12.592,12.764,12.895,13.187
,9,,,,14.083,,13.703,13.816,,13.602,,13.957,13.189,13.502,13.702,13.436,13.797,13.91,13.36,13.307,13.497,14.01,14.119,13.462,13.967,13.265,13.165,12.796,13.215,12.713,13.064,13.354,13.616,13.341,13.085,13.353,13.299,12.938,12.812,12.358,12.924,12.542,12.471,12.747,12.927,13.147
,10,,14.149,14.186,,14.222,,,14.32,,13.932,13.909,13.187,13.432,13.677,13.356,13.674,13.906,13.379,13.281,13.522,13.991,14.12,13.389,13.959,13.227,13.143,12.706,13.227,12.708,12.949,13.319,13.576,13.224,13.038,13.359,13.244,12.906,12.758,12.286,12.945,12.521,12.368,12.677,12.875,13.079
,11,,,,14.072,,13.64,13.724,,13.492,,13.827,13.122,13.423,13.612,13.24,13.657,13.871,13.388,13.165,13.458,13.967,14.084,13.269,13.892,13.197,13.056,12.709,13.119,12.709,12.941,13.224,13.457,13.137,12.969,13.377,13.219,12.877,12.758,12.18,12.879,12.459,12.403,12.679,12.812,13.1
,12,,14.012,14.011,,14.137,,,14.282,,13.886,13.765,13.094,13.419,13.667,13.23,13.604,13.842,13.35,13.1,13.387,13.902,14.006,13.301,13.828,13.214,13.09,12.632,13.109,12.706,12.898,13.199,13.406,13.159,12.872,13.308,13.189,12.778,12.699,12.084,12.8,12.358,12.371,12.705,12.825,13.09
,13,,,,14.025,,13.587,13.764,,13.424,,13.696,13.058,13.31,13.62,13.192,13.599,13.804,13.321,13.079,13.315,13.853,13.9,13.291,13.744,13.119,13.087,12.563,13.108,12.66,12.868,13.154,13.379,13.099,12.781,13.22,13.137,12.716,12.751,12.01,12.731,12.249,12.264,12.624,12.833,13
,14,,13.836,13.843,,14.083,,,14.172,,13.806,13.657,13.084,13.277,13.56,13.186,13.571,13.782,13.245,13.051,13.282,13.795,13.872,13.278,13.706,13.084,13.086,12.529,13.083,12.636,12.865,13.086,13.334,13.005,12.726,13.117,13.145,12.701,12.572,11.964,12.679,12.28,12.254,12.532,12.823,13.008
,15,,,,13.928,,13.502,13.621,,13.338,,13.599,13.051,13.284,13.474,13.162,13.469,13.707,13.212,13.017,13.193,13.753,13.806,13.119,13.652,13.076,13.007,12.48,13.025,12.571,12.838,13.049,13.288,12.955,12.695,13.067,13.077,12.676,12.54,11.918,12.666,12.209,12.232,12.363,12.758,13.015
,16,,13.862,13.757,,14.003,,,14.077,,13.735,13.589,13.008,13.284,13.495,13.13,13.37,13.668,13.107,13.045,13.154,13.582,13.74,13.051,13.536,13.049,12.955,12.476,12.945,12.556,12.749,13.048,13.17,12.864,12.658,13.008,13.047,12.672,12.512,11.87,12.563,12.249,12.192,12.307,12.78,12.962
,17,,,,13.843,,13.433,13.451,,13.264,,13.513,12.975,13.217,13.48,13.089,13.307,13.655,13.068,13.039,13.055,13.509,13.65,13.083,13.509,12.974,12.965,12.43,12.906,12.475,12.718,12.984,13.155,12.782,12.636,12.967,12.963,12.678,12.451,11.78,12.58,12.231,12.134,12.224,12.716,12.922
,18,,13.691,13.672,,13.853,,,13.914,,13.72,13.486,12.922,13.218,13.394,13.12,13.21,13.61,12.951,13.06,12.965,13.454,13.638,13.048,13.425,12.947,12.952,12.437,12.911,12.442,12.684,12.875,13.061,12.685,12.575,12.957,12.901,12.647,12.409,11.769,12.525,12.111,12.096,12.143,12.66,12.865
,19,,,,13.752,,13.319,13.487,,13.215,,13.391,13.027,13.167,13.35,13.09,13.188,13.517,12.859,13.021,13.022,13.361,13.556,12.959,13.358,12.876,12.933,12.394,12.87,12.439,12.724,12.775,12.992,12.64,12.538,12.926,12.872,12.595,12.347,11.715,12.514,12.043,12.044,12.13,12.66,12.781
,20,,13.56,13.531,,13.653,,,13.896,,13.596,13.289,12.96,13.185,13.314,13.069,13.061,13.502,12.775,13.05,12.88,13.369,13.542,12.886,13.219,12.755,12.874,12.334,12.861,12.511,12.769,12.672,13,12.573,12.425,12.807,12.833,12.568,12.297,11.667,12.542,11.99,11.937,12.184,12.651,12.704
,21,,,,13.568,,13.313,13.367,,13.192,,13.224,12.923,13.155,13.266,13.06,13.044,13.461,12.662,13.009,12.762,13.299,13.464,12.859,13.098,12.724,12.854,12.352,12.795,12.424,12.642,12.639,12.942,12.508,12.415,12.727,12.799,12.531,12.266,11.642,12.463,11.891,11.942,12.116,12.609,12.707
,22,,13.529,13.405,,13.576,,,13.868,,13.406,13.17,12.886,13.04,13.192,13.043,12.957,13.384,12.559,12.938,12.772,13.284,13.399,12.785,13.04,12.677,12.839,12.292,12.688,12.371,12.565,12.612,12.906,12.455,12.391,12.649,12.809,12.524,12.214,11.61,12.389,11.872,11.96,11.99,12.537,12.671
,23,,,,13.464,,13.27,13.401,,13.078,,13.125,12.874,12.969,13.196,12.978,12.929,13.296,12.495,12.934,12.787,13.271,13.371,12.724,13.019,12.668,12.783,12.261,12.615,12.335,12.503,12.602,12.822,12.375,12.427,12.664,12.716,12.504,12.102,11.514,12.353,11.885,11.932,11.896,12.456,12.718
,24,,13.364,13.34,,13.583,,,13.705,,13.417,13.098,12.856,12.972,13.144,12.988,12.887,13.188,12.436,12.881,12.753,13.186,13.307,12.814,12.98,12.658,12.786,12.242,12.552,12.295,12.466,12.587,12.732,12.328,12.283,12.594,12.721,12.442,11.98,11.401,12.277,11.801,11.899,11.892,12.442,12.598
,25,,,,13.378,,13.209,13.289,,12.977,,13.078,12.878,12.922,13.122,12.934,12.9,13.157,12.348,12.841,12.721,13.133,13.291,12.83,12.946,12.55,12.689,12.215,12.548,12.246,12.415,12.503,12.637,12.294,12.223,12.539,12.711,12.354,11.922,11.397,12.301,11.828,11.877,11.832,12.39,12.577
,26,,13.399,13.206,,13.543,,,13.625,,13.423,13.034,12.849,12.871,13.104,12.915,12.812,13.127,12.335,12.783,12.711,13.058,13.289,12.805,12.991,12.505,12.681,12.198,12.429,12.15,12.331,12.481,12.582,12.204,12.106,12.553,12.653,12.323,11.895,11.385,12.292,11.823,11.837,11.722,12.336,12.472
,27,,,,13.333,,13.132,13.192,,12.83,,12.983,12.853,12.794,13.073,12.947,12.75,13.11,12.349,12.758,12.675,13.003,13.331,12.665,12.906,12.5,12.689,12.283,12.402,12.059,12.338,12.43,12.575,12.105,12.098,12.516,12.556,12.278,11.875,11.347,12.247,11.765,11.806,11.689,12.233,12.421
,28,,13.292,13.023,,13.38,,,13.58,,13.342,12.918,12.807,12.776,13.038,12.96,12.758,13.112,12.298,12.814,12.611,12.943,13.298,12.618,12.839,12.465,12.603,12.209,12.365,12,12.327,12.316,12.541,12.115,12.105,12.499,12.507,12.222,11.841,11.297,12.15,11.757,11.665,11.703,12.164,12.435
,29,,,,13.275,,13.052,13.035,,12.781,,12.871,12.823,12.753,13.051,12.89,12.681,13.039,12.295,12.76,12.607,12.903,13.254,12.553,12.723,12.417,12.566,12.229,12.352,12.012,12.296,12.318,12.465,12.052,12.044,12.429,12.455,12.195,11.792,11.241,12.08,11.693,11.606,11.642,12.102,12.348
,30,,13.26,12.916,,13.27,,,13.339,,13.234,12.828,12.766,12.705,12.97,12.878,12.665,12.985,12.268,12.668,12.578,12.881,13.195,12.495,12.641,12.402,12.58,12.194,12.267,11.919,12.184,12.267,12.376,12.003,12.04,12.4,12.478,12.238,11.744,11.197,12.035,11.612,11.578,11.579,12.016,12.302
,31,,,,13.222,,13.005,12.994,,12.75,,12.82,12.794,12.605,12.965,12.809,12.564,12.967,12.215,12.626,12.482,12.825,13.058,12.485,12.63,12.35,12.483,12.106,12.169,11.989,12.17,12.224,12.28,11.93,11.982,12.342,12.393,12.164,11.721,11.132,11.994,11.61,11.487,11.517,12.005,12.316
June,1,,13.076,12.766,,13.091,,,13.063,,13.042,12.608,12.729,12.361,12.781,12.665,12.431,12.779,12.096,12.494,12.29,12.638,12.857,12.316,12.456,12.239,12.386,11.965,12.019,11.868,12.029,12.164,12.139,11.795,11.829,12.111,12.24,12.052,11.568,11.015,11.754,11.44,11.36,11.431,11.853,12.052
,2,,,,13.059,,12.837,12.828,,12.567,,12.527,12.687,12.258,12.756,12.644,12.429,12.696,12.048,12.486,12.285,12.603,12.823,12.271,12.409,12.152,12.409,11.96,11.899,11.84,12.004,12.119,12.02,11.691,11.763,12.042,12.161,12.005,11.543,11.062,11.776,11.442,11.246,11.381,11.796,11.977
,3,,12.977,12.706,,12.99,,,12.935,,12.995,12.448,12.643,12.257,12.755,12.593,12.363,12.599,11.995,12.439,12.283,12.535,12.78,12.205,12.384,12.108,12.382,11.923,11.785,11.735,11.92,12.111,11.922,11.634,11.762,11.97,12.159,11.913,11.522,11.082,11.739,11.368,11.207,11.415,11.704,11.927
,4,,,,13.002,,12.764,12.644,,12.412,,12.451,12.638,12.16,12.707,12.59,12.375,12.575,11.987,12.419,12.219,12.463,12.752,12.151,12.35,12.077,12.354,11.914,11.736,11.627,11.867,11.984,11.909,11.57,11.748,11.975,12.13,11.85,11.396,11.058,11.636,11.291,11.136,11.366,11.634,11.814
,5,,12.832,12.614,,12.874,,,12.783,,12.866,12.454,12.641,12.145,12.667,12.461,12.342,12.543,11.969,12.39,12.23,12.443,12.728,12.108,12.291,12,12.228,11.862,11.705,11.624,11.817,11.869,11.884,11.495,11.624,11.883,12.087,11.724,11.362,11.031,11.6,11.26,11.127,11.291,11.532,11.689
,6,,,,12.954,,12.69,12.526,,12.26,,12.411,12.601,12.107,12.623,12.415,12.297,12.52,11.882,12.391,12.206,12.347,12.688,12.058,12.255,12.012,12.187,11.851,11.637,11.543,11.759,11.825,11.783,11.407,11.528,11.744,11.959,11.714,11.323,10.965,11.5,11.161,11.089,11.226,11.473,11.635
,7,,12.791,12.61,,12.834,,,12.731,,12.739,12.384,12.561,12.056,12.556,12.379,12.278,12.487,11.844,12.344,12.213,12.257,12.56,12.05,12.186,11.982,12.087,11.814,11.625,11.497,11.757,11.714,11.74,11.369,11.458,11.558,11.882,11.751,11.303,10.926,11.412,11.167,11.027,11.158,11.41,11.524
,8,,,,12.863,,12.59,12.439,,12.13,,12.336,12.541,12.002,12.526,12.382,12.254,12.383,11.84,12.311,12.248,12.195,12.466,11.984,12.121,11.924,12.024,11.807,11.53,11.45,11.826,11.632,11.676,11.254,11.333,11.376,11.862,11.709,11.313,10.93,11.341,11.102,10.979,11.063,11.356,11.476
,9,,12.854,12.586,,12.75,,,12.674,,12.677,12.211,12.506,11.952,12.425,12.353,12.248,12.301,11.753,12.26,12.2,12.232,12.345,11.996,12.073,11.894,12.029,11.769,11.53,11.403,11.702,11.578,11.632,11.162,11.326,11.205,11.854,11.665,11.249,10.91,11.294,11.079,10.962,10.932,11.311,11.393
,10,,,,12.721,,12.54,12.354,,12.191,,12.177,12.452,11.927,12.346,12.334,12.145,12.295,11.768,12.239,12.167,12.138,12.346,11.885,11.981,11.838,11.993,11.723,11.477,11.332,11.715,11.498,11.629,11.076,11.259,11.072,11.768,11.531,11.158,10.864,11.229,11.048,10.871,10.932,11.26,11.322
,11,,12.733,12.468,,12.709,,,12.475,,12.658,12.183,12.422,11.849,12.251,12.336,12.095,12.304,11.657,12.236,12.042,12.081,12.344,11.923,11.95,11.822,11.977,11.683,11.468,11.282,11.639,11.541,11.657,10.996,11.161,10.947,11.707,11.492,11.222,10.778,11.158,11.034,10.829,10.931,11.127,11.228
,12,,,,12.652,,12.412,12.294,,12.158,,12.116,12.455,11.773,12.271,12.32,12.097,12.239,11.656,12.203,12.01,12.037,12.254,11.84,11.848,11.77,11.942,11.688,11.456,11.258,11.607,11.478,11.671,10.906,11.011,10.838,11.619,11.401,11.148,10.767,11.071,11.002,10.788,10.925,11.024,11.144
,13,,12.673,12.278,,12.678,,,12.303,,12.553,12.048,12.414,11.765,12.263,12.275,12.024,12.133,11.583,12.199,11.974,11.935,12.188,11.815,11.719,11.738,11.802,11.616,11.369,11.212,11.561,11.414,11.624,10.89,10.956,10.747,11.524,11.323,11.087,10.741,10.971,10.972,10.903,10.815,10.988,11.108
,14,,,,12.487,,12.311,12.254,,11.999,,12.044,12.341,11.751,12.197,12.266,11.984,12.137,11.551,12.179,11.968,11.877,12.064,11.755,11.555,11.696,11.755,11.576,11.338,11.091,11.457,11.363,11.554,10.811,10.921,10.662,11.494,11.295,10.997,10.64,10.879,10.882,10.9,10.769,10.86,11.017
,15,,12.548,12.269,,12.652,,,12.217,,12.482,12.045,12.336,11.75,12.116,12.189,11.907,12.066,11.523,12.145,11.873,11.803,11.969,11.71,11.468,11.636,11.665,11.558,11.261,11.033,11.43,11.268,11.497,10.748,10.811,10.614,11.492,11.085,10.963,10.588,10.815,10.839,10.849,10.679,10.816,10.854
,16,,,,12.465,,12.276,12.192,,11.921,,11.961,12.308,11.682,12.063,12.16,11.821,11.968,11.509,12.115,11.811,11.752,11.818,11.706,11.359,11.585,11.625,11.534,11.184,10.972,11.365,11.189,11.385,10.693,10.726,10.407,11.472,11.139,10.815,10.483,10.75,10.72,10.821,10.606,10.715,10.772
,17,,12.517,12.13,,12.476,,,12.109,,12.474,11.978,12.235,11.59,12.026,12.107,11.842,11.911,11.399,12.068,11.691,11.661,11.722,11.66,11.381,11.534,11.505,11.444,11.145,10.887,11.263,11.137,11.293,10.642,10.595,10.429,11.387,11.141,10.748,10.412,10.671,10.742,10.74,10.512,10.693,10.788
,18,,,,12.364,,12.146,12.079,,11.965,,11.869,12.233,11.497,11.959,12.026,11.826,11.896,11.311,12.025,11.664,11.59,11.642,11.598,11.295,11.489,11.462,11.363,11.12,10.796,11.131,11.072,11.285,10.399,10.557,10.346,11.342,10.997,10.767,10.385,10.61,10.801,10.637,10.454,10.654,10.605
,19,,12.415,12.043,,12.317,,,11.88,,12.396,11.803,12.171,11.487,11.946,11.989,11.709,11.826,11.314,12,11.583,11.545,11.511,11.573,11.224,11.439,11.387,11.352,11.056,10.76,11.065,11.024,11.188,10.315,10.436,10.299,11.218,10.863,10.738,10.301,10.564,10.694,10.529,10.483,10.578,10.555
,20,,,,12.216,,12.16,12.018,,11.861,,11.739,12.118,11.372,11.931,12.014,11.668,11.777,11.253,11.997,11.513,11.437,11.451,11.483,11.168,11.378,11.351,11.304,10.965,10.679,10.945,10.954,11.169,10.131,10.377,10.291,11.182,10.787,10.68,10.103,10.49,10.696,10.453,10.316,10.459,10.435
,21,,12.373,12.007,,12.145,,,11.81,,12.288,11.752,12.066,11.336,11.877,11.904,11.637,11.743,11.147,11.989,11.459,11.346,11.203,11.399,11.002,11.365,11.279,11.234,10.913,10.548,10.863,10.894,11.096,10.104,10.3,10.265,11.114,10.676,10.585,10.054,10.326,10.582,10.33,10.305,10.367,10.35
,22,,,,12.064,,12.111,11.966,,11.837,,11.693,11.966,11.34,11.904,11.886,11.58,11.68,11.055,11.932,11.397,11.271,11.028,11.4,10.883,11.356,11.12,11.243,10.853,10.48,10.824,10.803,11.064,10.014,10.231,10.093,11.078,10.562,10.547,9.97,10.262,10.483,10.258,10.195,10.254,10.315
,23,,12.243,11.842,,12.079,,,11.805,,12.217,11.571,11.957,11.308,11.821,11.911,11.575,11.704,11.08,11.843,11.352,11.153,10.922,11.344,10.795,11.331,11.064,11.127,10.794,10.45,10.737,10.719,10.882,9.981,10.131,10.035,10.965,10.395,10.521,9.903,10.172,10.411,10.199,10.098,10.3,10.214
,24,,,,12.003,,11.965,11.877,,11.797,,11.543,11.927,11.229,11.674,11.852,11.514,11.626,10.983,11.82,11.34,11.066,10.842,11.29,10.75,11.259,11.044,10.974,10.702,10.287,10.626,10.663,10.769,9.814,10.087,9.937,10.834,10.301,10.39,9.83,10.087,10.399,10.15,9.932,10.16,10.1
,25,,12.112,11.699,,11.918,,,11.61,,12.067,11.635,11.892,11.164,11.629,11.797,11.45,11.507,11.016,11.795,11.276,10.994,10.812,11.247,10.657,11.176,11.048,10.942,10.627,10.22,10.497,10.552,10.717,9.694,10.029,9.777,10.746,10.296,10.463,9.734,9.981,10.293,10.008,9.947,10.044,10.009
,26,,,,12.013,,11.989,11.783,,11.637,,11.39,11.804,11.116,11.646,11.82,11.346,11.442,10.967,11.727,11.148,10.945,10.722,11.18,10.61,11.056,10.903,10.911,10.56,10.106,10.447,10.504,10.633,9.645,9.897,9.712,10.584,10.236,10.381,9.741,9.959,10.225,9.902,9.918,9.868,9.984
,27,,11.977,11.585,,11.868,,,11.498,,11.956,11.376,11.749,11.088,11.495,11.752,11.318,11.426,10.895,11.688,11.054,10.848,10.737,11.137,10.455,11.064,10.839,10.849,10.397,10.018,10.391,10.393,10.626,9.501,9.732,9.678,10.448,10.063,10.251,9.665,9.873,10.136,9.736,9.86,9.769,9.93
,28,,,,11.796,,11.896,11.582,,11.547,,11.267,11.692,11.049,11.433,11.732,11.304,11.356,10.798,11.63,10.968,10.73,10.635,11.028,10.401,10.955,10.854,10.807,10.265,9.913,10.281,10.326,10.437,9.328,9.697,9.495,10.293,9.835,10.215,9.553,9.704,10.053,9.655,9.748,9.752,9.913
,29,,11.829,11.466,,11.76,,,11.393,,11.875,11.145,11.635,10.991,11.319,11.682,11.199,11.341,10.704,11.58,10.878,10.662,10.601,10.946,10.355,10.86,10.796,10.805,10.234,9.854,10.125,10.263,10.334,9.231,9.643,9.393,10.188,9.56,10.104,9.492,9.629,10.017,9.577,9.621,9.624,9.826
,30,,,,11.787,,11.748,11.439,,11.357,,11.138,11.616,10.855,11.278,11.569,11.069,11.232,10.63,11.571,10.809,10.587,10.565,10.899,10.297,10.767,10.624,10.814,10.211,9.82,9.952,10.199,10.393,9.257,9.532,9.335,10.015,9.617,10.008,9.404,9.439,9.986,9.54,9.476,9.571,9.695
July,1,,11.562,11.283,,11.425,,,11.135,,11.423,10.98,11.34,10.624,10.992,11.38,10.845,11.091,10.423,11.269,10.667,10.365,10.33,10.703,10.064,10.575,10.45,10.633,9.971,9.63,9.632,9.93,10.054,9.022,9.27,9.062,9.666,9.324,9.842,9.225,9.269,9.759,9.176,9.253,9.272,9.571
,2,,,,11.428,,11.515,11.202,,11.147,,10.919,11.277,10.571,10.885,11.341,10.809,11,10.346,11.24,10.577,10.36,10.308,10.678,10.032,10.556,10.344,10.542,9.878,9.5,9.452,9.921,9.929,8.943,9.206,8.971,9.596,9.234,9.828,9.147,9.147,9.66,9.093,9.18,9.105,9.495
,3,,11.363,11.075,,11.442,,,10.926,,11.329,10.885,11.128,10.49,10.79,11.28,10.751,10.94,10.294,11.178,10.544,10.293,10.248,10.6,9.96,10.556,10.268,10.402,9.823,9.439,9.21,9.821,9.858,8.987,9.144,8.954,9.457,9.125,9.746,9.031,9.115,9.633,9.049,8.994,8.812,9.421
,4,,,,11.33,,11.398,10.989,,11.162,,10.769,11.164,10.438,10.72,11.242,10.67,10.905,10.256,11.154,10.484,10.25,10.148,10.519,9.927,10.511,10.233,10.349,9.738,9.391,9.098,9.742,9.695,8.938,8.962,8.847,9.306,9.067,9.643,8.953,9.029,9.543,8.973,8.817,8.687,9.257
,5,,11.255,10.983,,11.344,,,10.791,,11.232,10.712,11.068,10.328,10.58,11.198,10.571,10.869,10.137,11.06,10.383,10.188,10.053,10.449,9.775,10.436,10.18,10.277,9.669,9.218,9.037,9.645,9.643,8.89,8.916,8.634,9.177,8.964,9.599,8.852,9.018,9.359,8.861,8.631,8.646,9.114
,6,,,,11.181,,11.261,10.807,,11.031,,10.61,11.002,10.305,10.306,11.087,10.416,10.844,9.894,10.986,10.322,10.101,10.031,10.375,9.672,10.315,10.1,10.288,9.508,9.135,8.897,9.649,9.504,8.774,8.801,8.572,9.084,8.907,9.573,8.823,8.909,9.389,8.7,8.444,8.596,9.107
,7,,10.936,10.852,,11.165,,,10.652,,11.126,10.49,10.914,10.21,10.212,11.052,10.176,10.737,9.754,10.891,10.221,10.041,9.976,10.352,9.642,10.204,10.02,10.218,9.406,9.16,8.784,9.491,9.386,8.721,8.688,8.521,8.972,8.879,9.379,8.781,8.773,9.189,8.573,8.316,8.431,9.105
,8,,,,11.022,,11.233,10.699,,10.882,,10.387,10.86,10.079,10.242,10.988,10.098,10.719,9.672,10.886,10.132,9.99,9.936,10.271,9.578,10.086,9.947,10.132,9.355,9.045,8.722,9.45,9.292,8.746,8.537,8.398,8.909,8.708,9.304,8.692,8.691,9.193,8.381,8.216,8.262,8.966
,9,,10.793,10.7,,11.043,,,10.382,,11.021,10.306,10.861,10.043,10.173,10.919,10.003,10.578,9.655,10.842,10.081,9.929,9.888,10.252,9.537,10.066,9.856,10.039,9.265,8.874,8.674,9.396,9.18,8.669,8.37,8.174,8.795,8.653,9.216,8.573,8.66,9.17,8.253,8.077,8.059,8.816
,10,,,,10.894,,11.108,10.477,,10.723,,10.267,10.711,9.881,10.023,10.825,9.909,10.498,9.477,10.751,9.948,9.82,9.846,10.087,9.481,9.986,9.824,9.963,9.197,8.811,8.583,9.315,9.03,8.611,8.253,8.13,8.718,8.534,9.048,8.524,8.615,9.012,8.115,7.959,8.122,8.736
,11,,10.662,10.575,,10.816,,,10.399,,10.819,10.218,10.633,9.815,10.07,10.853,9.735,10.441,9.389,10.649,9.722,9.699,9.809,10.029,9.446,9.733,9.763,9.867,9.167,8.714,8.463,9.211,9.001,8.58,8.144,8.032,8.682,8.392,8.968,8.358,8.469,8.85,8.055,7.853,7.969,8.737
,12,,,,10.691,,11.088,10.183,,10.571,,10.141,10.597,9.711,9.852,10.723,9.619,10.402,9.273,10.476,9.735,9.688,9.786,9.933,9.344,9.647,9.643,9.799,9.168,8.709,8.327,9.122,8.989,8.509,7.955,7.946,8.386,8.378,8.841,8.15,8.371,8.724,7.958,7.752,7.795,8.666
,13,,10.503,10.307,,10.664,,,10.112,,10.632,9.982,10.514,9.599,9.758,10.648,9.583,10.304,9.197,10.375,9.652,9.655,9.658,9.77,9.254,9.61,9.434,9.713,9.068,8.667,8.195,9.033,8.801,8.369,7.765,7.917,8.283,8.293,8.7,8.054,8.173,8.48,7.868,7.482,7.716,8.64
,14,,,,10.643,,10.913,10.117,,10.461,,9.939,10.3,9.548,9.594,10.603,9.488,10.157,9.131,10.264,9.512,9.634,9.68,9.696,9.189,9.525,9.443,9.529,9.043,8.601,8.065,8.982,8.701,8.311,7.704,7.868,8.262,8.18,8.682,7.972,8.081,8.37,7.791,7.317,7.717,8.542
,15,,10.401,10.203,,10.436,,,9.839,,10.525,9.765,10.199,9.284,9.491,10.481,9.449,10.013,9.029,10.217,9.37,9.523,9.622,9.565,9.136,9.398,9.366,9.518,8.857,8.552,8.001,8.766,8.573,8.253,7.609,7.705,8.193,8.074,8.601,7.905,7.912,8.435,7.673,7.241,7.554,8.425
,16,,,,10.354,,10.767,9.929,,10.211,,9.738,10.165,9.16,9.458,10.333,9.326,9.955,8.958,10.178,9.322,9.414,9.62,9.454,9.027,9.322,9.237,9.492,8.755,8.488,7.823,8.688,8.512,8.189,7.549,7.606,8.04,7.999,8.398,7.885,7.855,8.345,7.621,7.1,7.537,8.302
,17,,10.256,9.946,,10.264,,,9.702,,10.312,9.719,10.104,9.084,9.307,10.274,9.293,9.821,8.88,10.172,9.319,9.318,9.43,9.476,9.022,9.205,9.11,9.328,8.687,8.432,7.817,8.617,8.416,8.117,7.444,7.481,7.884,7.898,8.26,7.831,7.755,8.232,7.446,6.971,7.462,8.186
,18,,,,10.127,,10.491,9.711,,10.01,,9.673,9.99,9.04,9.216,10.252,9.172,9.761,8.723,10.016,9.233,9.275,9.427,9.335,8.947,9.081,9.007,9.185,8.544,8.375,7.751,8.511,8.374,7.959,7.299,7.42,7.83,7.864,8.116,7.775,7.645,8.152,7.25,6.844,7.3,8.026
,19,,9.927,9.847,,10.179,,,9.441,,10.068,9.568,9.837,8.949,9.213,10.133,9.062,9.658,8.645,9.996,9.101,9.215,9.368,9.264,8.908,8.986,8.951,9.168,8.559,8.248,7.62,8.408,8.235,7.799,7.259,7.35,7.779,7.839,7.955,7.672,7.586,8.111,7.117,6.719,7.299,8.004
,20,,,,9.826,,10.214,9.629,,9.759,,9.527,9.662,8.86,9.197,10.058,9.047,9.534,8.564,9.854,9.088,9.144,9.374,9.156,8.776,8.881,8.862,9.061,8.419,8.239,7.479,8.28,8.123,7.805,7.198,7.34,7.711,7.778,7.88,7.594,7.408,7.931,7.107,6.6,7.303,7.934
,21,,9.919,9.779,,10.022,,,9.213,,9.89,9.459,9.627,8.813,9.049,9.9,9.068,9.379,8.496,9.7,9.037,9.037,9.343,9.017,8.695,8.799,8.751,9.028,8.022,8.087,7.445,8.165,7.952,7.749,7.067,7.297,7.505,7.68,7.767,7.475,7.323,7.761,6.982,6.465,7.221,7.929
,22,,,,9.788,,10.076,9.472,,9.574,,9.376,9.607,8.759,9.006,9.906,8.944,9.273,8.461,9.63,8.949,8.972,9.171,8.957,8.682,8.675,8.646,8.935,7.961,7.972,7.393,8.108,7.76,7.658,7.048,7.184,7.412,7.631,7.671,7.449,7.283,7.614,6.901,6.335,7.126,7.736
,23,,9.668,9.594,,9.782,,,9.114,,9.711,9.191,9.497,8.569,8.944,9.838,8.849,9.268,8.39,9.544,8.751,8.889,9.097,8.871,8.648,8.461,8.53,8.881,7.872,7.913,7.251,7.989,7.694,7.461,6.999,7.118,7.355,7.649,7.519,7.343,7.341,7.356,6.86,6.295,7.067,7.614
,24,,,,9.538,,9.911,9.368,,9.323,,9.045,9.419,8.451,8.891,9.744,8.827,9.218,8.314,9.487,8.696,8.812,9.035,8.796,8.544,8.428,8.408,8.82,7.783,7.932,7.126,7.894,7.548,7.458,6.925,7.035,7.354,7.53,7.413,7.264,7.241,7.238,6.734,6.297,7.037,7.483
,25,,9.614,9.358,,9.638,,,8.851,,9.62,9.095,9.338,8.312,8.829,9.562,8.76,9.104,8.158,9.385,8.553,8.727,8.953,8.824,8.427,8.446,8.298,8.76,7.772,7.759,6.998,7.755,7.422,7.378,6.909,6.931,7.289,7.51,7.327,7.206,7.186,7.245,6.661,6.226,6.943,7.444
,26,,,,9.22,,9.655,9.298,,9.256,,9.09,9.304,8.208,8.603,9.437,8.679,9.08,8.049,9.325,8.542,8.72,8.908,8.777,8.415,8.246,8.305,8.653,7.704,7.708,6.886,7.746,7.337,7.32,6.808,6.809,7.169,7.392,7.308,7.149,7.133,7.162,6.591,6.241,6.829,7.195
,27,,9.556,9.166,,9.417,,,8.656,,9.469,8.995,9.13,8.095,8.513,9.358,8.594,9.007,7.988,9.284,8.53,8.71,8.788,8.637,8.327,8.086,8.294,8.466,7.538,7.717,6.785,7.675,7.227,7.202,6.805,6.677,7.195,7.35,7.219,7.061,7.038,7.077,6.477,6.156,6.797,7.135
,28,,,,9.106,,9.56,8.875,,9.111,,8.925,9.099,7.912,8.405,9.304,8.5,8.937,7.939,9.19,8.543,8.621,8.618,8.465,8.306,8.006,8.234,8.431,7.495,7.606,6.719,7.566,7.107,7.193,6.75,6.6,7.038,7.312,7.137,6.94,6.9,7.096,6.362,6.159,6.733,7.064
,29,,9.342,9.065,,9.22,,,8.4,,9.165,8.803,8.953,7.891,8.323,9.184,8.498,8.824,7.813,9.101,8.39,8.577,8.633,8.277,8.2,7.992,8.148,8.364,7.408,7.516,6.709,7.466,7.067,7.034,6.718,6.478,7.03,7.128,7.032,6.93,6.783,6.93,6.339,6.064,6.597,7.057
,30,,,,8.917,,9.364,8.907,,8.976,,8.778,8.861,7.864,8.224,9.076,8.518,8.734,7.709,9.03,8.252,8.493,8.56,8.176,8.133,7.911,8.059,8.311,7.303,7.453,6.657,7.347,7.001,6.9,6.693,6.4,7.029,7.055,6.895,6.773,6.693,6.711,6.187,6.075,6.595,7.063
,31,,9.223,8.868,,9.016,,,8.3,,8.979,8.717,8.86,7.752,8.069,9.038,8.508,8.629,7.586,8.962,8.08,8.41,8.493,8.142,8.087,7.77,7.947,8.22,7.176,7.364,6.629,7.327,7.018,6.77,6.661,6.368,6.976,7.035,6.847,6.677,6.718,6.584,6.115,6.034,6.467,6.906
August,1,,,,8.733,,9.224,8.745,,8.762,,8.588,8.83,7.686,7.969,8.888,8.306,8.505,7.513,8.925,7.979,8.309,8.389,8.004,8.079,7.588,7.788,8.125,7.107,7.325,6.461,7.203,6.994,6.623,6.572,6.255,6.904,6.984,6.708,6.509,6.559,6.53,6.023,5.966,6.448,6.86
,2,,9,8.76,,8.939,,,8.152,,8.67,8.518,8.765,7.536,7.98,8.813,8.204,8.377,7.378,8.844,7.913,8.201,8.325,7.935,8.022,7.495,7.722,7.954,7.042,7.233,6.341,7.096,6.936,6.565,6.61,6.152,6.804,6.859,6.63,6.398,6.469,6.526,5.924,5.859,6.429,6.737
,3,,,,8.587,,9.046,8.496,,8.649,,8.478,8.69,7.52,7.859,8.707,8.134,8.37,7.393,8.792,7.863,8.243,8.299,7.891,7.934,7.444,7.555,7.864,7.014,7.159,6.25,7.089,6.905,6.574,6.52,5.977,6.654,6.803,6.449,6.208,6.355,6.41,5.828,5.834,6.374,6.703
,4,,8.859,8.611,,8.746,,,8.074,,8.371,8.427,8.548,7.505,7.744,8.638,8.128,8.344,7.298,8.723,7.755,8.198,8.255,7.759,7.941,7.472,7.601,7.795,7.031,7.097,6.2,6.948,6.839,6.558,6.462,5.99,6.613,6.751,6.441,6.267,6.206,6.368,5.78,5.774,6.112,6.618
,5,,,,8.326,,8.935,8.303,,8.51,,8.382,8.474,7.368,7.788,8.545,8.119,8.229,7.255,8.661,7.78,8.146,8.05,7.756,7.98,7.331,7.538,7.74,6.92,7.014,6.065,6.69,6.805,6.449,6.298,5.768,6.644,6.739,6.44,6.203,6.16,6.253,5.595,5.792,6.07,6.601
,6,,8.744,8.548,,8.672,,,7.995,,8.242,8.413,8.417,7.307,7.811,8.505,8.07,8.209,7.196,8.708,7.701,8.056,8.028,7.686,7.891,7.251,7.51,7.609,6.771,6.974,5.923,6.584,6.776,6.365,6.17,5.632,6.619,6.66,6.397,6.044,6.091,6.124,5.464,5.751,6.06,6.527
,7,,,,8.176,,8.731,8.189,,8.373,,8.355,8.319,7.15,7.715,8.401,7.96,8.089,7.105,8.642,7.577,8.002,7.957,7.721,7.836,7.148,7.299,7.472,6.715,6.883,5.882,6.516,6.719,6.303,6.071,5.467,6.505,6.599,6.249,5.966,5.96,6.04,5.392,5.709,6.149,6.519
,8,,8.61,8.348,,8.45,,,7.754,,8.165,8.399,8.295,7.164,7.722,8.256,7.912,7.956,7.008,8.621,7.533,7.94,7.878,7.68,7.819,7.064,7.202,7.388,6.662,6.892,5.823,6.539,6.703,6.263,5.945,5.256,6.441,6.629,6.196,5.919,5.815,5.998,5.385,5.659,6.086,6.518
,9,,,,8,,8.638,8.027,,8.2,,8.27,8.237,7.098,7.731,8.185,7.852,7.912,6.946,8.544,7.486,7.869,7.848,7.671,7.747,6.868,7.17,7.261,6.577,6.78,5.741,6.421,6.574,6.217,5.873,5.088,6.369,6.553,6.171,5.926,5.782,5.963,5.303,5.579,6.068,6.443
,10,,8.328,8.202,,8.437,,,7.639,,8.072,8.107,8.195,7.068,7.642,8.142,7.757,7.816,6.898,8.491,7.367,7.793,7.693,7.539,7.694,6.809,7.109,7.213,6.494,6.717,5.603,6.285,6.51,6.209,5.857,5.118,6.325,6.457,6.012,5.819,5.658,5.864,5.1,5.561,6.024,6.369
,11,,,,7.917,,8.46,8.002,,8.042,,8.114,8.113,7.018,7.629,7.999,7.633,7.724,6.859,8.415,7.399,7.744,7.582,7.499,7.716,6.76,7.1,7.15,6.433,6.669,5.59,6.259,6.493,6.086,5.843,5.021,6.265,6.363,5.829,5.646,5.567,5.891,5.098,5.56,5.927,6.339
,12,,8.284,8.041,,8.366,,,7.525,,7.793,8.017,8.048,7.007,7.586,8.015,7.56,7.709,6.791,8.378,7.345,7.76,7.503,7.45,7.692,6.704,7.103,7.057,6.384,6.609,5.519,6.155,6.442,6.055,5.779,4.938,6.21,6.251,5.834,5.571,5.516,5.86,5.1,5.43,5.844,6.261
,13,,,,7.883,,8.32,7.918,,7.934,,8.005,8.02,6.924,7.516,8.009,7.443,7.627,6.748,8.348,7.296,7.68,7.383,7.437,7.566,6.642,6.968,6.985,6.377,6.613,5.462,6.095,6.377,6.013,5.649,4.889,6.128,6.184,5.776,5.605,5.455,5.737,4.981,5.378,5.777,6.135
,14,,8.138,7.82,,8.152,,,7.442,,7.557,7.949,7.93,6.891,7.464,7.994,7.41,7.545,6.721,8.247,7.343,7.571,7.341,7.3,7.535,6.6,6.953,6.865,6.373,6.517,5.387,6.025,6.234,5.949,5.52,4.724,6.067,6.173,5.752,5.512,5.449,5.636,4.963,5.183,5.749,
,15,,,,7.804,,8.073,7.816,,7.912,,7.922,7.887,6.861,7.466,7.915,7.326,7.588,6.699,8.196,7.315,7.427,7.289,7.195,7.463,6.631,6.848,6.878,6.301,6.541,5.329,5.974,6.192,5.947,5.418,4.679,6.032,6.082,5.588,5.377,5.381,5.561,4.901,5.166,5.743,
,16,,7.971,7.765,,8.008,,,7.331,,7.382,7.865,7.906,6.723,7.465,7.794,7.247,7.533,6.651,8.163,7.275,7.469,7.209,7.152,7.451,6.54,6.817,6.683,6.282,6.437,5.253,5.893,6.143,5.928,5.451,4.619,5.934,6.022,5.539,5.276,5.275,5.476,4.898,4.994,5.67,
,17,,,,7.724,,7.948,7.698,,7.908,,7.84,7.844,6.649,7.404,7.757,7.208,7.428,6.675,8.172,7.239,7.467,7.166,7.085,7.404,6.434,6.758,6.68,6.168,6.45,5.178,5.851,6.077,5.855,5.438,4.545,5.929,5.94,5.538,5.219,5.296,5.449,4.851,4.929,5.619,
,18,,7.811,7.761,,8.027,,,7.212,,7.39,7.731,7.783,6.607,7.306,7.73,7.194,7.381,6.624,8.031,7.204,7.377,7.109,7.088,7.453,6.389,6.818,6.607,6.122,6.407,5.071,5.73,6.002,5.789,5.331,4.52,5.864,5.825,5.421,5.157,5.276,5.453,4.766,4.876,5.62,
,19,,,,7.667,,7.899,7.548,,7.799,,7.719,7.605,6.6,7.349,7.775,7.12,7.446,6.642,8.041,7.242,7.318,6.995,6.96,7.344,6.317,6.7,6.58,6.046,6.235,5.056,5.619,5.869,5.742,5.255,4.405,5.784,5.795,5.378,5.082,5.242,5.422,4.767,4.761,5.587,
,20,,7.659,7.717,,7.915,,,7.19,,7.319,7.735,7.527,6.511,7.33,7.682,7.079,7.367,6.614,7.995,7.147,7.292,6.861,6.864,7.272,6.275,6.633,6.492,6.039,6.118,4.997,5.624,5.815,5.679,5.18,4.313,5.789,5.758,5.356,4.976,5.256,5.277,4.756,4.719,5.547,
,21,,,,7.593,,7.903,7.461,,7.706,7.21,7.719,7.469,6.564,7.23,7.674,7.009,7.272,6.575,7.945,7.185,7.186,6.752,6.872,7.223,6.241,6.638,6.425,6.017,6.138,4.923,5.539,5.783,5.596,5.12,4.275,5.713,5.705,5.333,4.971,5.243,5.254,4.744,4.574,5.517,
,22,,7.566,7.758,,7.79,,,7.139,,7.21,7.635,7.407,6.46,7.218,7.614,6.934,7.339,6.551,7.918,7.224,7.16,6.647,6.777,7.186,6.209,6.615,6.344,6.031,6.158,4.901,5.476,5.714,5.54,5.015,4.216,5.624,5.665,5.222,5.042,5.197,5.2,4.635,4.592,5.462,
,23,,,,7.53,,7.777,7.401,,7.722,7.265,7.524,7.443,6.41,7.185,7.562,6.856,7.334,6.398,7.878,7.151,7.188,6.538,6.675,7.101,6.209,6.559,6.302,6.004,6.121,4.872,5.419,5.622,5.508,4.98,4.105,5.668,5.657,5.099,4.962,5.13,5.222,4.625,4.543,5.368,
,24,,7.577,7.578,,7.759,,,7.012,,7.216,7.5,7.457,6.359,7.102,7.536,6.814,7.273,6.369,7.822,7.012,7.103,6.443,6.722,7.035,6.141,6.547,6.284,5.951,6.122,4.837,5.236,5.568,5.479,4.952,4.006,5.611,5.552,5.028,4.878,5.003,5.159,4.641,4.567,5.416,
,25,,,,7.495,,7.639,7.346,,7.661,7.157,7.372,7.459,6.318,7.151,7.446,6.853,7.282,6.402,7.752,6.906,7.064,6.449,6.625,7.07,6.157,6.54,6.224,5.879,6.08,4.793,5.106,5.584,5.396,4.84,3.912,5.589,5.539,5.005,4.783,4.946,5.128,4.675,4.445,5.348,
,26,,7.421,7.667,,7.7,,,6.907,,7.145,7.442,7.475,6.274,7.02,7.428,6.714,7.197,6.357,7.636,6.822,7.031,6.454,6.616,6.994,6.071,6.583,6.215,5.87,6.082,4.8,5.019,5.518,5.337,4.843,3.906,5.518,5.548,4.897,4.702,4.971,5.095,4.636,4.429,5.303,
,27,,,,7.408,,7.534,7.272,,7.577,7.079,7.442,7.354,6.254,6.97,7.4,6.633,7.24,6.295,7.628,6.806,6.956,6.482,6.554,6.981,5.997,6.511,6.181,5.839,6.077,4.83,5.037,5.46,5.278,4.838,3.785,5.472,5.5,4.771,4.535,4.984,5.066,4.602,4.408,5.241,
,28,,7.364,7.588,,7.582,,,6.863,,7.123,7.298,7.351,6.238,6.976,7.404,6.528,7.242,6.306,7.614,6.774,6.856,6.365,6.495,7.023,6.002,6.495,6.058,5.839,6,4.718,5.023,5.47,5.272,4.799,3.758,5.387,5.429,4.693,4.62,4.973,5.022,4.632,4.354,5.226,
,29,,,,7.296,,7.445,7.057,,7.498,7.041,7.264,7.182,6.21,6.889,7.346,6.469,7.258,6.284,7.489,6.741,6.796,6.298,6.544,6.957,5.948,6.476,6.033,5.765,5.971,4.695,5.012,5.419,5.216,4.716,3.691,5.332,5.494,4.639,4.507,4.945,5.01,4.649,4.329,5.137,
,30,,7.284,7.6,,7.55,,,6.793,,7.019,7.302,7.157,6.231,6.873,7.286,6.464,7.161,6.264,7.496,6.722,6.796,6.204,6.352,6.987,5.966,6.461,6.021,5.642,5.963,4.584,4.938,5.318,5.184,4.649,3.764,5.346,5.452,4.64,4.435,4.877,5.057,4.59,4.226,5.126,
,31,,,,7.37,,7.402,7.058,,7.42,7.072,7.307,7.148,6.211,6.786,7.237,6.449,7.065,6.26,7.479,6.734,6.777,6.201,6.314,6.889,5.866,6.395,6.015,5.64,5.982,4.528,4.904,5.347,5.147,4.582,3.648,5.279,5.446,4.53,4.372,4.863,5.008,4.512,4.223,5.117,
September,1,,7.228,7.544,,7.404,,,6.724,,6.967,7.189,7.088,6.198,6.766,7.235,6.348,7.072,6.189,7.356,6.671,6.705,6.192,6.229,6.789,5.828,6.283,5.93,5.654,5.937,4.475,4.828,5.355,5.129,4.592,3.573,5.275,5.38,4.466,4.33,4.804,4.945,4.442,4.105,5.076,
,2,,,,7.203,,7.321,6.828,,7.229,6.89,7.217,7.075,6.191,6.706,7.319,6.321,7.023,6.15,7.307,6.628,6.705,6.062,6.16,6.807,5.827,6.321,5.967,5.615,6.03,4.462,4.717,5.257,5.074,4.597,3.562,5.273,5.371,4.457,4.287,4.812,4.895,4.433,4.097,5.043,
,3,,7.147,7.555,,7.248,,,6.61,,6.909,7.205,7.082,6.207,6.797,7.296,6.304,7.027,6.076,7.243,6.602,6.639,6.03,6.182,6.787,5.759,6.252,5.926,5.631,5.997,4.45,4.741,5.26,5.023,4.527,3.562,5.249,5.37,4.509,4.31,4.825,4.887,4.359,4.041,5.074,
,4,,,,7.162,,7.314,6.697,,7.21,7.008,7.183,7.003,6.116,6.796,7.279,6.265,6.946,6.012,7.245,6.632,6.634,6,6.199,6.779,5.698,6.241,5.946,5.655,5.903,4.423,4.686,5.193,4.95,4.425,3.545,5.171,5.32,4.541,4.259,4.826,4.88,4.328,3.908,5.073,
,5,,7.037,7.533,,7.233,,,6.505,,7.041,7.18,6.998,6.141,6.728,7.234,6.205,6.934,6.013,7.198,6.684,6.58,5.893,6.272,6.782,5.638,6.165,5.963,5.655,5.889,4.376,4.691,5.269,4.925,4.382,3.505,5.156,5.255,4.485,4.213,4.759,4.87,4.352,3.898,4.973,
,6,,,,6.992,,7.243,6.528,,7.122,7.059,7.181,6.991,6.162,6.617,7.169,6.163,6.956,6.035,7.218,6.661,6.514,5.917,6.178,6.746,5.67,6.113,5.94,5.677,5.866,4.291,4.7,5.175,4.913,4.367,3.451,5.164,5.246,4.458,4.199,4.691,4.874,4.371,3.899,4.897,
,7,,7.075,7.574,,7.182,,,6.496,,7.087,7.213,6.959,6.127,6.516,7.159,6.162,6.995,6.016,7.242,6.707,6.496,5.864,6.106,6.73,5.691,6.093,5.902,5.593,5.873,4.275,4.664,5.214,4.813,4.351,3.522,5.161,5.204,4.397,4.145,4.676,4.841,4.408,3.878,4.895,
,8,,,,7.046,,7.204,6.509,,7.192,7.041,7.144,6.98,6.161,6.465,7.212,6.175,6.973,6.059,7.194,6.69,6.482,5.844,6.011,6.718,5.687,6.11,5.927,5.614,5.917,4.292,4.627,5.132,4.753,4.333,3.516,5.09,5.182,4.387,4.168,4.686,4.821,4.369,3.845,4.893,
,9,,7.092,7.56,,7.18,,,6.486,,7.145,7.175,6.95,6.197,6.464,7.27,6.218,6.992,6.02,7.165,6.663,6.469,5.828,6.004,6.724,5.68,6.103,5.906,5.582,5.942,4.277,4.651,5.165,4.75,4.353,3.492,5.053,5.178,4.438,4.147,4.673,4.827,4.376,3.868,4.872,
,10,,,,6.902,,7.238,6.501,,7.187,7.106,7.121,6.907,6.117,6.445,7.269,6.206,6.938,6.106,7.147,6.701,6.482,5.755,5.963,6.691,5.641,6.065,5.83,5.627,5.887,4.254,4.603,5.17,4.758,4.338,3.452,5.071,5.122,4.507,4.168,4.666,4.807,4.344,3.836,4.827,
,11,,6.981,7.557,,7.173,,,6.495,,7.121,7.048,6.903,6.094,6.434,7.252,6.22,6.97,6.116,7.207,6.702,6.403,5.737,5.943,6.667,5.639,6.04,5.809,5.601,5.944,4.215,4.577,5.113,4.821,4.346,3.416,5.058,5.124,4.471,4.238,4.684,4.763,4.319,3.849,4.821,
,12,,,,6.904,,7.305,6.422,,7.214,7.127,7.144,6.922,6.147,6.369,7.256,6.201,7.019,6.104,7.276,6.658,6.439,5.676,5.971,6.632,5.638,6.055,5.807,5.538,5.889,4.225,4.574,5.047,4.777,4.369,3.417,5.051,5.1,4.482,4.273,4.666,4.749,4.326,3.814,4.776,
,13,,7.003,7.543,,7.16,,,6.558,,7.174,7.198,6.908,6.103,6.35,7.245,6.161,6.945,6.068,7.393,6.686,6.469,5.791,6.025,6.641,5.628,6.103,5.84,5.51,5.79,4.218,4.598,5.103,4.812,4.445,3.399,5.04,5.049,4.426,4.348,4.635,4.757,4.269,3.793,4.773,
,14,,,,6.952,,7.246,6.461,,7.3,7.19,7.208,6.907,6.111,6.28,7.28,6.189,6.975,6.053,7.418,6.686,6.429,5.905,6.005,6.684,5.644,6.023,5.855,5.493,5.746,4.147,4.599,5.198,4.808,4.514,3.408,5.077,5.044,4.395,4.385,4.675,4.7,4.215,3.846,4.757,
,15,,7.007,7.602,,7.196,,,6.568,,7.177,7.276,6.894,6.131,6.284,7.281,6.189,7.027,6.054,7.484,6.678,6.407,5.873,6.065,6.657,5.661,6.032,5.853,5.47,5.753,4.167,4.601,5.213,4.73,4.555,3.378,5.095,5.032,4.46,4.325,4.739,4.688,4.186,3.818,4.781,
,16,,,,6.951,,7.261,6.396,,7.328,7.117,7.294,6.968,6.089,6.259,7.324,6.212,7.145,6.068,7.53,6.654,6.352,5.805,6.049,6.608,5.663,6.037,5.803,5.438,5.797,4.153,4.615,5.175,4.709,4.525,3.34,5.083,4.988,4.495,4.347,4.732,4.673,4.204,3.818,4.774,
,17,,7.001,7.58,,7.197,,,6.657,,7.223,7.394,6.95,6.133,6.367,7.361,6.295,7.096,6.039,7.531,6.644,6.293,5.781,6.178,6.62,5.627,5.969,5.803,5.382,5.784,4.149,4.602,5.196,4.618,4.523,3.408,5.077,5.029,4.512,4.372,4.791,4.677,4.188,3.92,4.801,
,18,,,,7.002,,7.322,6.514,,7.398,7.205,7.409,6.964,6.035,6.319,7.419,6.352,7.118,6.037,7.618,6.645,6.316,5.828,6.229,6.589,5.625,5.975,5.77,5.324,5.795,4.156,4.548,5.211,4.628,4.576,3.452,5.074,5.088,4.585,4.441,4.753,4.711,4.166,3.904,4.809,
,19,,6.91,7.651,,7.224,,,6.725,,7.233,7.438,6.976,6.031,6.384,7.428,6.365,7.139,6.087,7.691,6.623,6.39,5.891,6.195,6.567,5.698,6.095,5.771,5.322,5.843,4.191,4.565,5.195,4.59,4.516,3.512,5.108,5.116,4.616,4.512,4.751,4.663,4.244,3.865,4.886,
,20,,,,7.053,,7.499,6.728,,7.443,7.353,7.449,6.901,6.066,6.386,7.483,6.391,7.19,6.132,7.778,6.612,6.434,6.038,6.254,6.629,5.796,6.16,5.821,5.314,5.806,4.2,4.598,5.24,4.602,4.595,3.573,5.115,5.163,4.631,4.548,4.849,4.645,4.251,3.918,4.877,
,21,,6.895,7.686,,7.329,,,6.745,,7.397,7.455,6.918,6.011,6.325,7.519,6.341,7.182,6.116,7.863,6.661,6.561,6.11,6.347,6.64,5.87,6.093,6.034,5.316,5.836,4.223,4.659,5.276,4.637,4.58,3.584,5.154,5.199,4.644,4.615,4.828,4.63,4.303,3.979,4.925,
,22,,,,7.231,,7.412,6.974,,7.537,7.459,7.462,6.888,6.039,6.297,7.576,6.401,7.185,6.099,7.839,6.617,6.573,6.16,6.462,6.705,5.965,5.998,5.97,5.317,5.787,4.231,4.658,5.341,4.662,4.642,3.601,5.193,5.16,4.687,4.688,4.851,4.649,4.296,4.066,4.941,
,23,,7.033,7.782,,7.422,,,6.799,,7.51,7.5,6.917,6.074,6.33,7.641,6.457,7.192,6.106,7.871,6.624,6.549,6.375,6.483,6.683,5.996,6.033,6,5.333,5.821,4.193,4.679,5.349,4.718,4.705,3.629,5.24,5.168,4.762,4.869,4.828,4.692,4.357,4.121,4.917,
,24,,,,7.261,,7.425,7.178,,7.529,7.571,7.477,6.979,6.125,6.411,7.728,6.52,7.243,6.107,7.901,6.671,6.512,6.535,6.518,6.746,6.007,6.051,6.112,5.351,5.876,4.162,4.692,5.32,4.805,4.68,3.674,5.285,5.253,4.832,4.92,4.876,4.708,4.411,4.172,5.028,
,25,,7.058,7.854,,7.417,,,6.993,,7.648,7.57,7.053,6.141,6.416,7.752,6.64,7.303,6.075,7.954,6.737,6.573,6.63,6.487,6.684,6.012,6.149,6.183,5.382,5.87,4.213,4.729,5.377,4.898,4.748,3.735,5.331,5.298,4.833,4.907,4.923,4.77,4.47,4.212,5.103,
,26,,,,7.303,,7.519,7.338,,7.724,7.665,7.653,7.197,6.135,6.431,7.85,6.778,7.362,6.11,8.099,6.72,6.55,6.72,6.467,6.773,6.084,6.133,6.247,5.427,5.867,4.223,4.763,5.383,5.003,4.777,3.76,5.386,5.368,4.915,5.065,5.04,4.801,4.522,4.283,5.195,
,27,,7.127,7.966,,7.495,,,6.992,,7.653,7.669,7.229,6.174,6.432,7.975,6.9,7.376,6.121,8.211,6.759,6.605,6.761,6.513,6.806,6.158,6.125,6.32,5.489,5.875,4.283,4.811,5.444,5.178,4.826,3.803,5.451,5.344,4.916,5.196,5.08,4.884,4.563,4.272,5.171,
,28,,,,7.489,,7.731,7.455,,7.773,7.694,7.766,7.267,6.252,6.511,8.068,6.91,7.427,6.122,8.194,6.797,6.69,6.79,6.569,6.964,6.253,6.169,6.397,5.512,5.868,4.279,4.884,5.456,5.249,4.835,3.86,5.536,5.422,4.986,5.185,5.154,4.899,4.596,4.307,5.148,
,29,,7.173,8.019,,7.666,,,7.112,,7.757,7.873,7.213,6.338,6.602,8.137,6.99,7.617,6.075,8.172,6.894,6.858,6.826,6.626,7.033,6.332,6.201,6.442,5.599,5.826,4.342,4.925,5.473,5.285,4.873,3.894,5.566,5.483,5.04,5.188,5.156,4.915,4.601,4.332,5.209,
,30,,,,7.626,,7.879,7.549,,7.974,7.834,7.979,7.263,6.438,6.7,8.194,7.021,7.761,6.039,8.131,6.883,6.972,6.889,6.692,7.084,6.399,6.296,6.461,5.692,5.859,4.473,5.038,5.549,5.334,4.945,3.945,5.665,5.542,5.14,5.207,5.228,4.936,4.648,4.352,5.257,
October,1,,7.404,8.223,,7.768,,,7.365,,8.039,8.069,7.453,6.626,6.85,8.359,7.251,7.894,6.163,8.279,7.066,7.248,7.083,6.802,7.261,6.543,6.441,6.621,5.836,5.984,4.614,5.254,5.682,5.451,5.162,4.112,5.871,5.683,5.356,5.288,5.376,5.054,4.828,4.497,5.395,
,2,,,,7.987,,8.143,7.745,,8.338,8.221,8.185,7.493,6.74,6.988,8.387,7.312,7.954,6.188,8.318,7.108,7.405,7.129,6.99,7.371,6.656,6.484,6.713,5.88,6.098,4.658,5.336,5.774,5.569,5.18,4.138,5.939,5.76,5.344,5.303,5.4,5.038,4.881,4.479,5.456,
,3,,7.534,8.213,,8.016,,,7.585,,8.311,8.155,7.588,6.879,7.027,8.545,7.292,7.983,6.2,8.303,7.223,7.571,7.177,7.055,7.477,6.869,6.572,6.839,5.98,6.182,4.786,5.431,5.769,5.674,5.245,4.151,6.007,5.787,5.289,5.292,5.432,5.063,4.855,4.531,5.518,
,4,,,,8.087,,8.38,7.947,,8.659,8.508,8.232,7.684,7.063,7.16,8.619,7.401,8.005,6.173,8.355,7.339,7.67,7.258,7.158,7.551,7.085,6.643,6.821,6.03,6.301,4.813,5.505,5.798,5.845,5.27,4.235,6.06,5.831,5.374,5.302,5.511,5.127,4.882,4.545,5.561,
,5,,7.813,8.485,,8.184,,,7.642,,8.486,8.305,7.687,7.172,7.25,8.732,7.65,8.15,6.256,8.464,7.425,7.756,7.487,7.296,7.576,7.218,6.764,6.899,6.044,6.401,4.771,5.63,5.852,5.898,5.298,4.297,6.192,5.952,5.543,5.383,5.534,5.139,4.903,4.578,5.595,
,6,,,,8.151,,8.638,8.057,,8.827,8.587,8.482,7.776,7.196,7.35,8.819,7.862,8.117,6.309,8.653,7.367,7.825,7.62,7.452,7.67,7.303,6.829,7.039,6.124,6.412,4.83,5.786,5.846,5.944,5.341,4.383,6.27,6.018,5.69,5.413,5.585,5.117,4.915,4.656,5.66,
,7,,7.878,8.532,,8.331,,,7.985,,8.635,8.575,7.917,7.242,7.499,8.801,8.057,8.168,6.375,8.746,7.422,7.893,7.687,7.589,7.786,7.467,6.911,7.204,6.187,6.442,4.953,5.948,5.878,5.939,5.47,4.481,6.402,6.081,5.819,5.396,5.718,5.135,4.952,4.73,5.737,
,8,,,,8.354,,8.774,8.227,,9.025,8.675,8.649,8.011,7.294,7.579,8.885,8.188,8.11,6.413,8.861,7.531,7.912,7.797,7.764,7.856,7.547,6.985,7.289,6.236,6.489,5.044,6.064,5.915,6.063,5.601,4.572,6.62,6.13,5.996,5.413,5.91,5.161,4.963,4.721,5.802,
,9,,8.115,8.809,,8.875,,,8.013,,8.691,8.675,8.077,7.472,7.713,8.971,8.336,8.176,6.488,8.88,7.739,8.008,7.871,7.865,7.942,7.647,6.958,7.357,6.326,6.61,5.118,6.313,5.962,6.222,5.711,4.626,6.682,6.244,6.156,5.429,6.041,5.237,4.977,4.778,5.888,
,10,,,,8.416,,8.943,8.188,,9.12,8.851,8.77,8.145,7.608,7.811,9.052,8.376,8.27,6.523,8.937,7.814,8.065,8.057,7.965,7.959,7.722,7.003,7.464,6.434,6.673,5.205,6.409,6.219,6.458,5.729,4.776,6.789,6.336,6.225,5.452,6.122,5.227,5.061,4.864,5.985,
,11,,8.136,8.975,,9.179,,,8.129,,8.874,8.81,8.263,7.692,8.002,9.097,8.535,8.364,6.605,8.957,7.805,8.071,8.198,8.097,7.981,7.853,7.076,7.607,6.489,6.742,5.262,6.615,6.432,6.649,5.757,4.964,6.91,6.5,6.314,5.494,6.194,5.3,5.069,4.963,6.132,
,12,,,,8.63,,9.123,8.26,,9.267,8.837,8.868,8.448,7.846,8.243,9.177,8.713,8.445,6.772,9.018,7.95,8.182,8.351,8.303,8.005,7.967,7.144,7.74,6.594,6.866,5.288,6.772,6.526,6.679,5.814,5.006,7.075,6.646,6.292,5.57,6.38,5.416,5.165,5.03,6.239,
,13,,8.338,9.161,,9.429,,,8.442,,8.984,8.959,8.6,7.943,8.448,9.292,8.883,8.458,7.011,9.134,8.109,8.178,8.397,8.273,8.097,8.025,7.36,7.846,6.693,7.104,5.338,6.91,6.522,6.741,5.901,5.17,7.227,6.838,6.396,5.613,6.446,5.513,5.161,5.125,6.303,
,14,,,,8.904,,9.205,8.334,,9.4,9.088,9.171,8.591,8.137,8.609,9.281,8.935,8.542,7.322,9.107,8.322,8.24,8.52,8.38,8.149,8.1,7.582,7.894,6.855,7.367,5.418,7.093,6.665,6.85,5.979,5.404,7.374,6.894,6.56,5.661,6.506,5.654,5.228,5.173,6.367,
,15,,8.57,9.218,,9.608,,,8.562,,8.996,9.289,8.664,8.409,8.798,9.327,8.908,8.652,7.65,9.182,8.263,8.266,8.643,8.458,8.214,8.164,7.688,7.92,6.996,7.498,5.559,7.252,6.838,6.913,6.084,5.657,7.427,6.926,6.756,5.805,6.553,5.837,5.288,5.241,6.504,
,16,,,,9.037,,9.453,8.354,,9.528,8.997,9.358,8.791,8.551,8.924,9.41,8.873,8.781,7.875,9.287,8.312,8.406,8.718,8.499,8.243,8.196,7.813,7.982,7.075,7.731,5.675,7.459,6.856,7.018,6.191,5.873,7.541,7.049,6.976,5.928,6.691,5.984,5.327,5.261,6.636,
,17,,8.938,9.272,,9.797,,,8.708,,9.04,9.34,8.897,8.722,8.999,9.422,8.886,8.924,8.031,9.277,8.433,8.547,8.805,8.569,8.331,8.26,7.937,8.11,7.201,7.834,5.755,7.601,6.942,7.109,6.337,6.082,7.699,7.23,7.209,5.954,6.851,5.961,5.445,5.328,6.842,
,18,,,,9.062,,9.585,8.513,,9.725,9.046,9.34,9.098,8.977,9.184,9.43,8.939,9.053,8.263,9.315,8.516,8.683,8.821,8.768,8.449,8.358,8.111,8.219,7.338,7.897,5.906,7.737,7.073,7.322,6.433,6.244,7.825,7.372,7.409,6.017,7.04,6.047,5.58,5.365,7.041,
,19,,9.19,9.389,,9.836,,,8.699,,9.141,9.377,9.255,9.102,9.174,9.482,8.999,9.079,8.435,9.415,8.562,8.649,8.945,8.735,8.541,8.452,8.275,8.21,7.509,7.982,6.115,7.905,7.196,7.451,6.432,6.364,7.88,7.615,7.564,6.18,7.17,6.146,5.726,5.39,7.149,
,20,,,,9.134,,9.673,8.638,,9.897,9.228,9.421,9.331,9.297,9.194,9.473,9.046,9.231,8.514,9.446,8.648,8.733,9.074,8.763,8.555,8.583,8.431,8.169,7.757,8.1,6.279,8.026,7.307,7.508,6.496,6.582,7.992,7.805,7.548,6.349,7.269,6.262,5.794,5.402,7.269,
,21,,9.295,9.468,,9.847,,,8.783,,9.322,9.445,9.424,9.452,9.252,9.505,9.147,9.354,8.706,9.434,8.788,8.89,9.168,8.811,8.566,8.644,8.575,8.242,8.054,8.182,6.484,8.126,7.385,7.628,6.66,6.771,8.029,7.887,7.61,6.504,7.405,6.46,5.9,5.457,7.403,
,22,,,,9.096,,9.878,8.933,,9.986,9.441,9.537,9.524,9.549,9.257,9.626,9.233,9.412,8.962,9.448,8.921,8.943,9.312,8.942,8.529,8.777,8.672,8.329,8.264,8.23,6.728,8.352,7.529,7.711,6.906,7.037,8.129,8.013,7.759,6.636,7.556,6.635,6.027,5.518,7.632,
,23,,9.466,9.586,,10.067,,,8.959,,9.471,9.561,9.622,9.595,9.309,9.743,9.358,9.564,9.116,9.576,8.891,9.077,9.347,8.967,8.569,8.89,8.822,8.432,8.439,8.343,6.9,8.528,7.608,7.738,7.128,7.169,8.237,8.141,7.895,6.75,7.587,6.763,6.143,5.638,7.745,
,24,,,,9.233,,10.085,9.116,,10.005,9.498,9.61,9.688,9.579,9.348,9.771,9.522,9.694,9.13,9.624,9.048,9.19,9.46,9.042,8.642,8.919,8.923,8.617,8.609,8.489,7.005,8.667,7.665,7.772,7.38,7.346,8.281,8.248,8.069,6.87,7.609,6.997,6.292,5.754,7.867,
,25,,9.7,9.643,,10.198,,,9.116,,9.468,9.7,9.735,9.665,9.318,9.828,9.596,9.776,9.211,9.646,9.126,9.2,9.503,9.131,8.852,8.976,8.919,8.685,8.701,8.688,7.21,8.762,7.646,7.799,7.648,7.334,8.386,8.408,8.151,7,7.664,7.209,6.509,5.895,7.98,
,26,10.231,,,9.425,,9.558,9.266,,10.024,9.448,9.797,9.844,9.757,9.404,9.794,9.62,9.851,9.315,9.641,9.244,9.115,9.522,9.216,8.912,9.062,8.945,8.742,8.776,8.755,7.399,8.842,7.822,7.872,7.841,7.382,8.449,8.52,8.203,7.005,7.777,7.528,6.78,5.976,8.094,
,27,,9.869,9.841,,10.423,,,9.33,,9.478,9.828,9.925,9.827,9.511,9.787,9.684,9.953,9.438,9.691,9.334,9.185,9.643,9.302,9.007,9.079,9.009,8.798,8.885,8.776,7.642,8.914,8.02,7.995,8.061,7.443,8.528,8.676,8.289,7.068,7.939,7.712,7.029,6.07,8.135,
,28,10.42,,,9.609,,10.259,9.398,,10.141,9.587,9.8,9.965,9.854,9.576,9.901,9.776,10.01,9.659,9.743,9.407,9.193,9.676,9.366,9.154,9.132,9.044,8.88,9.006,8.836,7.88,8.994,8.189,8.022,8.183,7.495,8.633,8.756,8.359,7.12,8.075,7.683,7.32,6.245,8.203,
,29,,9.797,9.911,,10.564,,,9.566,,9.709,9.879,10.042,9.878,9.671,10.019,9.849,10.07,9.818,9.689,9.472,9.27,9.722,9.332,9.274,9.179,9.075,8.987,9.124,8.865,8.085,9.107,8.386,8.076,8.28,7.639,8.773,8.838,8.45,7.125,8.061,7.705,7.427,6.526,8.301,
,30,10.557,,,9.719,,10.314,9.433,,10.317,9.867,9.978,10.086,9.906,9.64,10.158,9.985,10.154,9.857,9.745,9.57,9.279,9.793,9.37,9.324,9.177,9.113,8.984,9.222,8.893,8.179,9.193,8.543,8.202,8.397,7.811,8.882,8.956,8.592,7.105,8.162,7.906,7.573,6.697,8.406,
,31,,9.924,10.198,,10.615,,,9.851,,9.988,10.021,10.072,10.003,9.696,10.212,10.158,10.18,9.919,9.819,9.678,9.358,9.903,9.502,9.404,9.169,9.193,9.045,9.247,9.004,8.332,9.315,8.685,8.383,8.486,7.918,8.991,9.066,8.76,7.106,8.217,8.141,7.782,6.921,8.461,
November,1,10.67,,,9.905,,10.549,9.565,,10.473,10.163,10.162,10.213,10.155,9.854,10.376,10.29,10.241,10.003,9.812,9.788,9.523,10.102,9.607,9.733,9.299,9.367,9.16,9.336,9.113,8.498,9.363,8.723,8.533,8.727,8.072,9.158,9.17,8.909,7.219,8.329,8.315,7.987,7.284,8.648,
,2,,10.144,10.42,,10.817,,,10.219,,10.214,10.21,10.294,10.279,9.984,10.398,10.424,10.293,10.104,9.845,9.797,9.678,10.233,9.637,9.762,9.424,9.473,9.289,9.408,9.18,8.663,9.331,8.758,8.734,8.812,8.18,9.227,9.293,8.926,7.424,8.356,8.475,8.169,7.538,8.705,
,3,10.777,,,9.929,,10.737,9.819,,10.506,10.256,10.36,10.302,10.317,10.048,10.368,10.553,10.342,10.142,9.795,9.907,9.76,10.198,9.777,9.804,9.511,9.438,9.407,9.51,9.216,8.731,9.399,8.807,8.891,8.93,8.275,9.26,9.483,8.959,7.558,8.395,8.73,8.29,7.848,8.703,
,4,,10.159,10.523,,10.893,,,10.238,,10.297,10.373,10.348,10.266,10.052,10.431,10.639,10.422,10.127,9.846,9.936,9.782,10.193,9.829,9.893,9.573,9.481,9.54,9.557,9.233,8.897,9.57,8.824,8.968,9.061,8.342,9.298,9.495,9.068,7.675,8.498,8.842,8.379,7.964,8.716,
,5,10.968,,,10.337,,10.883,9.969,,10.639,10.381,10.391,10.395,10.337,10.161,10.424,10.7,10.545,10.027,9.842,10.013,9.774,10.222,9.821,10.076,9.576,9.435,9.734,9.611,9.288,8.911,9.708,8.882,8.972,9.108,8.419,9.31,9.481,9.153,7.862,8.618,8.922,8.558,8.154,8.793,
,6,,10.267,10.652,,11.131,,,10.37,,10.404,10.436,10.419,10.396,10.236,10.564,10.794,10.576,10.081,9.895,10.13,9.776,10.243,9.742,10.03,9.611,9.441,9.806,9.707,9.34,8.986,9.794,9.012,9.016,9.134,8.495,9.34,9.522,9.307,8.029,8.758,8.952,8.675,8.109,8.957,
,7,11.08,,,10.518,,10.84,10.081,,10.874,10.482,10.555,10.412,10.521,10.294,10.653,10.874,10.665,10.107,9.995,10.108,9.871,10.253,9.751,10.131,9.587,9.5,9.809,9.836,9.252,9.119,9.963,9.086,9.106,9.142,8.649,9.304,9.632,9.395,8.168,8.882,9.029,8.686,8.23,9.021,
,8,,10.27,10.789,,11.03,,,10.471,,10.599,10.642,10.461,10.643,10.412,10.723,10.988,10.685,10.21,9.972,10.158,9.905,10.336,9.819,10.178,9.629,9.602,9.923,9.853,9.378,9.231,10.062,9.07,9.169,9.145,8.728,9.189,9.669,9.476,8.251,8.992,9.088,8.739,8.453,9.138,
,9,11.189,,,10.51,,10.956,10.224,,11.03,10.679,10.767,10.593,10.696,10.53,10.669,11.031,10.671,10.337,9.978,10.292,9.945,10.48,10.006,10.196,9.743,9.607,9.91,9.916,9.421,9.401,10.089,9.187,9.3,9.206,8.758,9.318,9.648,9.543,8.417,9.171,9.228,8.825,8.625,9.266,
,10,,10.497,10.88,,11.203,,,10.47,,10.771,10.895,10.696,10.775,10.619,10.756,11.032,10.817,10.31,10.021,10.358,10.035,10.439,9.939,10.336,9.852,9.685,10.052,9.936,9.533,9.469,10.122,9.249,9.373,9.188,8.794,9.493,9.663,9.644,8.471,9.312,9.287,8.879,8.68,9.394,
,11,11.314,,,10.631,,11.172,10.558,,11.093,10.89,10.951,10.697,10.822,10.653,10.844,11.082,10.845,10.358,9.98,10.425,10.127,10.476,9.956,10.41,9.874,9.748,10.144,9.933,9.533,9.519,10.129,9.318,9.456,9.329,8.902,9.595,9.707,9.663,8.56,9.326,9.413,8.993,8.763,9.434,
,12,,10.61,10.976,,11.348,,,10.77,,10.973,11.069,10.667,10.831,10.718,10.971,11.14,10.944,10.425,10.084,10.455,10.257,10.647,9.992,10.549,9.967,9.81,10.232,9.958,9.5,9.66,10.09,9.283,9.521,9.458,9.002,9.575,9.827,9.65,8.649,9.316,9.511,9.178,8.845,9.526,
,13,11.46,,,10.908,,11.322,10.578,,11.484,11.139,11.175,10.713,10.928,10.773,11.051,11.286,10.971,10.51,10.182,10.504,10.319,10.94,10.056,10.616,10.048,9.903,10.224,10.012,9.658,9.678,10.111,9.324,9.522,9.502,9.095,9.582,9.994,9.644,8.653,9.339,9.564,9.249,8.909,9.681,
,14,,10.8,11.087,,11.573,,,10.992,,11.203,11.297,10.794,10.956,10.769,11.016,11.326,11.016,10.493,10.319,10.687,10.377,10.921,10.124,10.732,10.096,9.986,10.299,9.976,9.66,9.663,10.119,9.465,9.593,9.643,9.103,9.617,10.094,9.764,8.721,9.434,9.6,9.387,8.977,9.786,
,15,11.539,,,10.965,,11.473,10.795,,11.741,11.302,11.397,10.903,11.018,10.779,11.138,11.422,11.022,10.625,10.32,10.576,10.462,10.846,10.189,10.861,10.19,10.063,10.346,10.05,9.717,9.714,10.215,9.714,9.647,9.751,9.238,9.742,10.104,9.853,8.73,9.485,9.735,9.43,9.001,9.888,
,16,,10.92,11.217,,11.792,,,11.083,,11.436,11.512,10.842,11.105,10.948,11.361,11.361,11.042,10.806,10.182,10.578,10.497,10.899,10.247,10.9,10.364,10.173,10.419,10.144,9.735,9.739,10.339,9.835,9.686,9.807,9.373,9.77,10.16,9.941,8.804,9.567,9.882,9.433,9.125,9.991,
,17,11.696,,,11.197,,11.635,11.072,,11.735,11.508,11.511,10.972,11.19,10.946,11.576,11.413,11.114,10.76,10.284,10.572,10.525,10.921,10.25,10.959,10.587,10.274,10.43,10.189,9.775,9.892,10.476,9.919,9.717,9.904,9.463,9.857,10.195,9.951,8.698,9.61,10.005,9.45,9.152,10.077,
,18,,11.01,11.337,,11.774,,,11.041,,11.448,11.523,11.049,11.209,10.985,11.653,11.435,11.17,10.889,10.403,10.713,10.607,11.012,10.325,11.043,10.594,10.335,10.471,10.182,9.775,9.966,10.468,10.001,9.745,9.893,9.617,10.083,10.227,9.951,8.585,9.656,10.091,9.552,9.18,10.106,
,19,11.87,,,11.177,,11.802,11.219,,11.796,11.485,11.574,11.123,11.248,11.077,11.81,11.511,11.27,10.935,10.486,10.77,10.705,11.006,10.371,11.068,10.585,10.35,10.501,10.272,9.792,10.058,10.637,10.09,9.827,9.972,9.829,10.156,10.294,10.002,8.584,9.744,10.217,9.719,9.184,10.211,
,20,,11.157,11.628,,11.698,,,11.255,,11.592,11.667,11.262,11.279,11.133,11.907,11.61,11.348,10.951,10.537,10.824,10.715,11.083,10.482,11.109,10.593,10.388,10.607,10.309,9.728,10.152,10.715,10.141,9.888,10.095,9.876,10.222,10.318,9.98,8.692,9.791,10.349,9.76,9.314,10.227,
,21,12.053,,,11.273,,11.9,11.518,,11.832,11.635,11.761,11.469,11.503,11.202,11.986,11.55,11.431,11.025,10.693,10.89,10.772,11.082,10.571,11.091,10.687,10.397,10.674,10.431,9.745,10.278,10.667,10.207,9.939,10.329,9.954,10.297,10.359,9.946,8.9,9.815,10.485,9.811,9.385,10.325,
,22,,11.352,11.78,,11.854,,,11.442,,11.712,11.913,11.577,11.529,11.287,11.98,11.594,11.513,11.012,10.721,10.977,10.794,11.117,10.669,11.09,10.805,10.45,10.683,10.569,9.866,10.304,10.696,10.332,9.958,10.264,10.001,10.393,10.449,10.027,8.989,9.792,10.68,9.932,9.605,10.454,
,23,12.274,,,11.417,,11.934,11.641,,11.959,11.745,11.997,11.737,11.535,11.396,12.103,11.653,11.487,11.149,10.827,11.015,10.857,11.136,10.815,11.096,10.883,10.5,10.704,10.733,9.951,10.28,10.785,10.465,10.005,10.376,10.091,10.502,10.56,10.153,9.058,9.989,10.588,10,9.768,10.571,
,24,,11.419,12.096,,11.929,,,11.597,,11.847,12.055,11.919,11.557,11.512,12.253,11.746,11.592,11.258,10.853,11.155,10.975,11.202,10.894,11.08,11.004,10.585,10.839,10.757,9.923,10.291,10.912,10.575,10.002,10.438,10.23,10.519,10.658,10.281,9.188,10.176,10.678,10.029,9.876,10.52,
,25,12.441,,,11.611,,12.167,11.812,,12.142,11.934,12.096,12.037,11.68,11.615,12.273,11.889,11.744,11.37,10.896,11.288,11.043,11.168,10.942,11.133,11.06,10.702,10.97,10.862,9.982,10.405,10.928,10.66,10.078,10.5,10.343,10.555,10.726,10.382,9.291,10.225,10.697,10.066,9.942,10.59,
,26,,11.581,12.256,,12.192,,,11.723,,12.003,12.116,12.117,11.689,11.681,12.288,11.917,11.862,11.505,11.092,11.473,11.088,11.237,11.008,11.179,11.213,10.833,11.046,11.063,10.044,10.43,11.029,10.774,10.155,10.545,10.496,10.708,10.763,10.564,9.489,10.286,10.775,10.171,9.847,10.672,
,27,12.662,,,11.675,,12.208,11.903,,12.227,12.073,12.203,12.196,11.763,11.667,12.348,11.994,11.938,11.646,11.109,11.618,11.198,11.345,11.092,11.169,11.377,10.918,11.146,11.015,10.047,10.491,11.043,10.804,10.274,10.64,10.441,10.87,10.867,10.754,9.635,10.389,10.795,10.137,9.841,10.763,
,28,,11.884,12.476,,12.483,,,11.77,,12.137,12.326,12.334,11.91,11.718,12.424,12.04,12.023,11.832,11.242,11.747,11.256,11.352,11.154,11.121,11.476,11.004,11.243,11.086,10.052,10.673,11.122,10.858,10.347,10.661,10.498,10.973,10.923,10.824,9.726,10.448,10.826,10.269,9.863,10.868,
,29,12.684,,,11.882,,12.337,11.869,,12.268,12.185,12.465,12.417,12.056,11.725,12.511,12.108,12.034,11.853,11.391,11.827,11.289,11.347,11.181,11.151,11.499,11.141,11.325,11.135,10.099,10.828,11.152,10.86,10.48,10.782,10.629,11.101,11.042,10.846,9.796,10.503,10.929,10.41,9.979,10.894,
,30,,12.076,12.626,,12.695,,,11.927,,12.228,12.526,12.499,12.063,11.764,12.505,12.16,12.073,11.976,11.449,11.944,11.306,11.458,11.387,11.239,11.549,11.171,11.365,11.144,10.226,10.878,11.252,10.929,10.517,10.812,10.746,11.157,11.115,10.829,9.913,10.583,11.006,10.422,10.114,10.982,
December,1,12.725,,,11.99,,12.769,11.968,,12.591,12.497,12.699,12.597,12.279,12.026,12.715,12.288,12.284,12.195,11.605,12.249,11.543,11.705,11.663,11.414,11.728,11.327,11.629,11.306,10.34,10.916,11.492,11.13,10.673,11.038,10.896,11.345,11.473,11.064,10.183,10.801,11.071,10.542,10.365,11.287,
,2,,12.39,12.643,,12.822,,,12.305,,12.584,12.704,12.705,12.422,12.078,12.811,12.345,12.363,12.305,11.735,12.34,11.674,11.745,11.684,11.468,11.785,11.402,11.791,11.398,10.442,10.867,11.521,11.256,10.797,10.974,10.995,11.404,11.578,11.135,10.355,10.867,11.075,10.628,10.483,11.374,
,3,12.66,,,12.336,,12.664,12.263,,12.649,,12.827,12.85,12.47,12.104,12.855,12.431,12.478,12.37,11.751,12.287,11.699,11.757,11.787,11.558,11.874,11.581,11.872,11.356,10.673,10.991,11.586,11.318,10.913,11.08,11.128,11.601,11.554,11.223,10.387,10.931,11.175,10.77,10.558,11.31,
,4,,12.462,13.032,,12.866,,,12.314,,,12.905,12.988,12.548,12.217,12.998,12.475,12.639,12.445,11.991,12.343,11.752,11.785,11.809,11.564,11.909,11.736,12.06,11.397,10.832,11.148,11.68,11.416,10.995,11.247,11.239,11.745,11.675,11.296,10.369,10.909,11.138,10.914,10.608,11.322,
,5,12.785,,,12.507,,12.877,12.397,,12.717,,13.008,13.01,12.643,12.3,13.013,12.633,12.574,12.494,12.125,12.44,11.844,11.859,11.86,11.607,11.978,11.73,12.046,11.504,10.994,11.273,11.781,11.631,11.164,11.331,11.358,11.745,11.676,11.301,10.415,10.991,11.203,10.978,10.702,11.331,
,6,,12.781,13.122,,12.963,,,12.469,,,13.117,13.018,12.653,12.331,13.134,12.69,12.632,12.501,12.177,12.515,11.955,12.091,12.101,11.705,11.981,11.749,12.112,11.538,11.159,11.333,11.811,11.529,11.24,11.507,11.522,11.72,11.807,11.372,10.461,11.095,11.233,11.123,10.893,11.334,
,7,13.051,,,12.698,,13.042,12.712,,12.775,,13.181,13.059,12.613,12.377,13.189,12.772,12.649,12.475,12.228,12.526,12.239,12.154,12.177,11.71,11.966,11.896,12.132,11.709,11.268,11.352,11.936,11.585,11.247,11.548,11.511,11.715,11.822,11.447,10.662,11.084,11.337,11.359,10.964,11.432,
,8,,12.991,13.298,,13.223,,,12.619,,,13.292,13.083,12.683,12.49,13.14,12.97,12.816,12.462,12.342,12.728,12.199,12.177,12.329,11.747,11.972,11.987,12.219,11.763,11.351,11.403,12.147,11.56,11.354,11.696,11.626,11.73,11.888,11.542,10.683,11.17,11.413,11.518,10.958,11.467,
,9,13.143,,,12.816,,13.043,12.738,,12.822,,13.303,13.186,12.756,12.517,13.116,13.033,12.907,12.531,12.373,12.745,12.232,12.232,12.389,11.887,12.118,12.063,12.328,11.729,11.582,11.511,12.224,11.592,11.524,11.807,11.789,11.75,11.959,11.591,10.8,11.331,11.503,11.581,11.016,11.586,
,10,,13.101,13.334,,13.351,,,12.734,,,13.374,13.173,12.818,12.526,13.212,13.147,13.004,12.656,12.356,12.72,12.258,12.282,12.431,11.925,12.188,12.129,12.32,11.776,11.707,11.6,12.343,11.681,11.539,11.827,11.781,11.925,12.084,11.739,11.071,11.569,11.506,11.618,11.144,11.613,
,11,13.437,,,12.948,,13.192,12.837,,12.88,,13.437,13.255,12.845,12.58,13.355,13.225,13.061,12.617,12.483,12.786,12.285,12.506,12.513,12.115,12.239,12.26,12.466,11.83,11.756,11.586,12.35,11.695,11.74,11.781,11.812,12.031,12.227,11.814,11.244,11.733,11.648,11.666,11.252,11.731,
,12,,13.292,13.569,,13.503,,,12.771,,,13.512,13.323,12.915,12.606,13.239,13.246,13.055,12.558,12.644,12.712,12.386,12.587,12.536,12.203,12.32,12.397,12.434,11.968,11.796,11.646,12.424,11.842,11.78,11.958,11.806,12.112,12.125,11.871,11.266,11.775,11.672,11.698,11.362,11.862,
,13,13.603,,,13.217,,13.344,13.018,,12.903,,13.629,13.292,13.019,12.808,13.298,13.188,13.033,12.648,12.766,12.786,12.465,12.426,12.599,12.25,12.38,12.436,12.524,12.033,11.819,11.764,12.309,11.957,11.854,12.01,11.768,12.144,12.23,11.987,11.348,11.865,11.811,11.781,11.565,11.947,
,14,,13.268,13.685,,13.606,,,12.818,,,13.695,13.32,13.106,12.836,13.324,13.281,13.069,12.707,12.878,12.899,12.559,12.44,12.585,12.309,12.487,12.503,12.57,12.244,11.876,11.864,12.281,12.121,12.051,12.117,11.723,12.183,12.231,12.019,11.514,11.839,11.856,11.883,11.667,12.022,
,15,13.649,,,13.418,,13.366,13.124,,13.03,,13.746,13.335,13.158,12.907,13.417,13.354,13.158,12.84,12.832,12.979,12.596,12.506,12.633,12.374,12.572,12.625,12.72,12.412,11.928,11.903,12.377,12.215,12.05,12.191,11.875,12.325,12.267,12.112,11.541,11.825,11.926,11.994,11.744,12.021,
,16,,13.322,13.91,,13.84,,,13.065,,,13.749,13.284,13.226,12.969,13.479,13.414,13.301,13.003,12.944,13.035,12.688,12.632,12.689,12.467,12.666,12.752,12.629,12.344,11.918,11.969,12.407,12.344,12.013,12.305,11.865,12.25,12.395,12.116,11.715,11.827,11.972,12.042,11.907,12.015,
,17,13.807,,,13.635,,13.325,13.025,,13.17,,13.778,13.337,13.353,12.994,13.429,13.453,13.365,12.923,13.006,13.097,12.84,12.746,12.808,12.59,12.715,12.881,12.687,12.405,12.021,12.11,12.367,12.433,11.943,12.245,11.974,12.206,12.437,12.169,11.762,11.923,12.007,11.998,11.97,12.23,
,18,,13.377,13.762,,13.895,,,13.263,,,13.747,13.468,13.28,13.13,13.468,13.59,13.509,12.93,13.106,13.168,13.041,12.744,12.898,12.639,12.922,12.918,12.693,12.482,12.098,12.216,12.357,12.504,11.928,12.285,12.184,12.207,12.462,12.249,11.774,12.046,12.066,12.018,12.11,12.265,
,19,13.892,,,13.802,,13.322,13.24,,13.373,,13.819,13.521,13.324,13.083,13.57,13.645,13.55,12.995,13.161,13.25,13.076,12.81,12.883,12.785,12.925,12.97,12.705,12.456,12.27,12.275,12.447,12.488,11.974,12.369,12.206,12.315,12.543,12.303,11.867,12.024,12.115,12.077,12.247,12.269,
,20,,13.541,13.697,,14.016,,,13.271,,,13.815,13.555,13.417,13.098,13.612,13.783,13.577,13.133,13.194,13.343,13.164,12.783,12.92,12.851,12.837,12.88,12.767,12.466,12.408,12.395,12.461,12.527,11.976,12.391,12.218,12.275,12.645,12.299,11.966,12.094,12.054,12.182,12.329,12.417,
,21,13.996,,,13.893,,13.326,13.202,,13.523,,13.919,13.575,13.525,13.14,13.619,13.678,13.624,13.182,13.316,13.328,13.23,13.021,12.906,12.92,12.878,13.034,12.834,12.527,12.465,12.498,12.436,12.617,12.104,12.529,12.249,12.328,12.656,12.411,11.841,12.072,12.16,12.226,12.375,12.601,
,22,,13.619,13.779,,13.963,,,13.45,,,13.976,13.564,13.563,13.215,13.672,13.68,13.673,13.22,13.3,13.4,13.315,13.059,12.863,13.01,12.909,13.14,12.965,12.6,12.517,12.592,12.676,12.64,12.205,12.633,12.274,12.415,12.695,12.381,11.831,12.075,12.269,12.327,12.468,12.7,
,23,14.189,,,13.877,,13.539,13.307,,13.672,,14.099,13.655,13.62,13.367,13.67,13.623,13.706,13.289,13.429,13.443,13.405,13.177,12.987,13.098,12.998,13.23,12.958,12.619,12.593,12.694,12.636,12.639,12.279,12.713,12.301,12.444,12.725,12.407,11.737,12.05,12.316,12.436,12.424,12.805,
,24,,13.773,13.798,,14.093,,,13.642,,,14.071,13.746,13.62,13.346,13.67,13.631,13.782,13.305,13.597,13.579,13.53,13.215,13.06,13.189,13.091,13.306,12.974,12.625,12.675,12.807,12.698,12.688,12.351,12.771,12.607,12.476,12.871,12.507,11.865,12.14,12.253,12.494,12.47,12.858,
,25,14.268,,,14.016,,13.54,13.323,,13.695,,14.103,13.758,13.601,13.465,13.666,13.786,13.765,13.344,13.63,13.659,13.543,13.434,13.053,13.339,13.112,13.289,12.827,12.754,12.683,12.742,12.794,12.744,12.311,12.725,12.609,12.572,12.995,12.661,12.027,12.229,12.273,12.545,12.504,12.868,
,26,,13.934,14,,14.183,,,13.756,,,14.124,13.771,13.541,13.597,13.733,13.867,13.83,13.363,13.613,13.695,13.575,13.436,13.067,13.325,13.206,13.308,12.814,12.872,12.696,12.766,12.94,12.87,12.31,12.682,12.62,12.659,12.993,12.65,12.088,12.339,12.272,12.638,12.498,12.867,
,27,14.383,,,13.953,,13.664,13.394,,13.766,,14.116,13.768,13.48,13.658,13.736,13.903,13.919,13.422,13.561,13.723,13.535,13.385,13.16,13.374,13.376,13.272,12.973,12.946,12.812,12.867,12.847,12.868,12.358,12.755,12.669,12.693,12.967,12.68,12.291,12.291,12.325,12.721,12.579,12.95,
,28,,14.101,14.172,,14.144,,,13.571,,,14.115,13.889,13.432,13.8,13.792,13.886,13.899,13.583,13.546,13.812,13.641,13.302,13.244,13.409,13.366,13.352,13.046,12.94,12.831,12.918,12.882,13.024,12.398,12.854,12.834,12.87,12.93,12.745,12.484,12.235,12.344,12.712,12.582,12.976,
,29,14.5,,,14.128,,13.855,13.494,,13.904,,14.141,13.88,13.439,13.954,13.837,13.927,14.024,13.641,13.653,13.83,13.685,13.257,13.32,13.416,13.377,13.379,12.989,12.976,12.94,12.981,12.926,13.103,12.457,13.097,12.926,12.897,12.936,12.762,12.525,12.223,12.523,12.78,12.608,12.99,
,30,,14.092,14.093,,14.159,,,13.701,,,14.18,13.927,13.437,13.885,13.915,13.977,14.074,13.707,13.704,14.002,13.784,13.273,13.34,13.444,13.483,13.32,13.058,13.016,13.073,13.012,12.929,13.118,12.558,13.115,12.931,12.804,13.038,12.8,12.617,12.273,12.569,12.858,12.622,13.09,
,31,14.585,,,14.224,,13.907,13.789,,14.089,,14.211,14.099,13.486,13.894,13.945,13.967,14.108,13.702,13.653,13.943,13.78,13.351,13.461,13.521,13.504,13.387,13.019,13.065,13.072,13.054,13.048,13.061,12.67,13.18,12.902,12.826,13.046,12.735,12.553,12.397,12.621,12.889,12.639,13.166,